Log Time,RPM,TPS,IAP,HO2,HO2 Wideband,IGN,STP,GEAR,CLUTCH,NT,BOOST,IP,AP,CLT,IAT,BATT,PAIR,FUEL1,FUEL2,FUEL3,FUEL4,HOX_ON,ECU_COV1,IAP_8bit,PRESSURE,ECU_AN15,DUTY,TARGET_BOOST,OVERBOOST,GEAR_IGN_RETARD,BOOST_IGN_RETARD,TOTAL_IGN_RETARD,PRIMARY_INJ,SECONDARY_INJ,New Data Rate %,,,,,,,,,,,,,,,,,,,,,,,
,0,1,2,3,4,5,6,7,8,9,10,11,12,13,14,15,16,17,18,19,20,21,22,23,24,25,26,27,28,29,30,31,32,33,34,35,36,37,38,39,40,41,42,43,44,45,46,47,48,49,50,51,52,53,54,55,56,
00:00:00.146,58,61,105,420,84,26,0,Out,TRUE,255,123,184,70,128,176,0,1712,1673,1689,1717,TRUE,0,0,0,0,0,0,0,0,0,0,0,0,100,,,,,,,,,,,,,,,,,,,,,,,,
00:00:00.146,128,241,18,52,97,8,8,1,5,161,1,16,161,1,165,255,255,14,154,58,123,70,71,184,176,105,0,255,116,42,255,6,176,6,137,6,153,6,181,255,255,84,84,84,84,255,26,255,255,25,48,0,5,0,255,255,0,
00:00:00.221,57,61,110,440,84,26,0,Out,TRUE,255,123,184,70,242,178,0,1696,1704,1664,1719,TRUE,0,0,0,0,0,0,0,0,0,0,0,0,100,,,,,,,,,,,,,,,,,,,,,,,,
00:00:00.221,128,241,18,52,97,8,8,1,5,161,1,16,161,1,186,255,255,14,151,57,123,70,71,184,178,110,0,255,116,42,255,6,160,6,168,6,128,6,183,255,255,84,84,84,84,255,26,255,255,25,48,0,5,0,255,255,0,
00:00:00.296,58,62,110,440,84,26,0,Out,TRUE,255,122,184,70,2,179,0,1698,1703,1686,1733,TRUE,0,0,0,0,0,0,0,0,0,0,0,0,100,,,,,,,,,,,,,,,,,,,,,,,,
00:00:00.296,128,241,18,52,97,8,8,1,5,161,1,16,161,1,186,255,255,14,144,58,122,70,71,184,179,110,0,255,116,42,255,6,162,6,167,6,150,6,197,255,255,84,84,84,84,255,26,255,255,25,48,0,5,0,255,255,0,
00:00:00.372,57,62,110,440,84,26,0,Out,TRUE,255,122,184,70,18,178,0,1667,1682,1640,1714,TRUE,0,0,0,0,0,0,0,0,0,0,0,0,100,,,,,,,,,,,,,,,,,,,,,,,,
00:00:00.372,128,241,18,52,97,8,8,1,5,161,1,16,161,1,186,255,255,14,216,57,122,70,71,184,178,110,0,255,116,42,255,6,131,6,146,6,104,6,178,255,255,84,84,84,84,255,26,255,255,25,48,0,5,0,255,255,0,
00:00:00.446,58,61,110,440,84,26,0,Out,TRUE,255,123,184,70,235,177,0,1754,1645,1672,1705,TRUE,0,0,0,0,0,0,0,0,0,0,0,0,100,,,,,,,,,,,,,,,,,,,,,,,,
00:00:00.446,128,241,18,52,97,8,8,1,5,161,1,16,161,1,186,255,255,14,235,58,123,70,71,184,177,110,0,255,116,42,255,6,218,6,109,6,136,6,169,255,255,84,84,84,84,255,26,255,255,25,48,0,5,0,255,255,0,
00:00:00.521,58,63,107,428,84,26,0,Out,TRUE,255,121,184,70,0,179,0,1670,1630,1599,1656,TRUE,0,0,0,0,0,0,0,0,0,0,0,0,100,,,,,,,,,,,,,,,,,,,,,,,,
00:00:00.521,128,241,18,52,97,8,8,1,5,161,1,16,161,1,174,255,255,15,116,58,121,70,71,184,179,107,0,255,116,42,255,6,134,6,94,6,63,6,120,255,255,84,84,84,84,255,26,255,255,25,48,0,5,0,255,255,0,
00:00:00.599,58,62,105,420,84,26,0,Out,TRUE,255,122,184,70,128,179,0,1743,1602,1646,1666,TRUE,0,0,0,0,0,0,0,0,0,0,0,0,100,,,,,,,,,,,,,,,,,,,,,,,,
00:00:00.599,128,241,18,52,97,8,8,1,5,161,1,16,161,1,166,255,255,14,168,58,122,70,71,184,179,105,0,255,116,41,255,6,207,6,66,6,110,6,130,255,255,84,84,84,84,255,26,255,255,25,48,0,5,0,255,255,0,
00:00:00.674,58,60,105,420,84,26,0,Out,TRUE,255,124,184,70,242,177,0,1675,1659,1664,1730,TRUE,0,0,0,0,0,0,0,0,0,0,0,0,100,,,,,,,,,,,,,,,,,,,,,,,,
00:00:00.674,128,241,18,52,97,8,8,1,5,161,1,16,161,1,166,255,255,15,23,58,124,70,71,184,177,105,0,255,116,41,255,6,139,6,123,6,128,6,194,255,255,84,84,84,84,255,26,255,255,25,48,0,5,0,255,255,0,
00:00:00.749,58,58,105,420,84,26,0,Out,TRUE,255,127,185,70,2,179,0,1673,1606,1654,1674,TRUE,0,0,0,0,0,0,0,0,0,0,0,0,100,,,,,,,,,,,,,,,,,,,,,,,,
00:00:00.749,128,241,18,52,97,8,8,1,5,161,1,16,161,1,167,255,255,14,104,58,127,70,72,185,179,105,0,255,116,41,255,6,137,6,70,6,118,6,138,255,255,84,84,84,84,255,26,255,255,25,48,0,5,0,255,255,0,
00:00:00.823,57,58,105,420,84,26,0,Out,TRUE,255,126,184,70,18,176,0,1703,1689,1654,1735,TRUE,0,0,0,0,0,0,0,0,0,0,0,0,100,,,,,,,,,,,,,,,,,,,,,,,,
00:00:00.823,128,241,18,52,97,8,8,1,5,161,1,16,161,1,166,255,255,14,255,57,126,70,71,184,176,105,0,255,116,41,255,6,167,6,153,6,118,6,199,255,255,84,84,84,84,255,26,255,255,25,48,0,5,0,255,255,0,
00:00:00.899,57,56,105,420,84,26,0,Out,TRUE,255,128,184,70,59,178,0,1670,1631,1651,1702,TRUE,0,0,0,0,0,0,0,0,0,0,0,0,100,,,,,,,,,,,,,,,,,,,,,,,,
00:00:00.899,128,241,18,52,97,8,8,1,5,161,1,16,161,1,166,255,255,14,59,57,128,70,71,184,178,105,0,255,116,41,255,6,134,6,95,6,115,6,166,255,255,84,84,84,84,255,26,255,255,25,48,0,5,0,255,255,0,
00:00:00.974,57,57,105,420,84,26,0,Out,TRUE,255,127,184,70,0,176,0,1703,1670,1680,1715,TRUE,0,0,0,0,0,0,0,0,0,0,0,0,100,,,,,,,,,,,,,,,,,,,,,,,,
00:00:00.974,128,241,18,52,97,8,8,1,5,161,1,16,161,1,166,255,255,14,189,57,127,70,71,184,176,105,0,255,116,41,255,6,167,6,134,6,144,6,179,255,255,84,84,84,84,255,26,255,255,25,48,0,5,0,255,255,0,
00:00:01.059,57,59,105,420,83,26,0,Out,TRUE,255,126,185,70,128,178,0,1715,1692,1657,1759,TRUE,0,0,0,0,0,0,0,0,0,0,0,0,100,,,,,,,,,,,,,,,,,,,,,,,,
00:00:01.059,128,241,18,52,97,8,8,1,5,161,1,16,161,1,166,255,255,14,47,57,126,70,71,185,178,105,0,255,116,41,255,6,179,6,156,6,121,6,223,255,255,84,83,84,83,255,26,255,255,25,48,0,5,0,255,255,0,
00:00:01.134,58,62,105,420,83,26,0,Out,TRUE,255,122,184,70,242,179,0,1769,1693,1739,1772,TRUE,0,0,0,0,0,0,0,0,0,0,0,0,100,,,,,,,,,,,,,,,,,,,,,,,,
00:00:01.134,128,241,18,52,97,8,8,1,5,161,1,16,161,1,166,255,255,14,162,58,122,70,71,184,179,105,0,255,116,41,255,6,233,6,157,6,203,6,236,255,255,83,83,83,83,255,26,255,255,25,48,0,5,0,255,255,0,
00:00:01.208,58,63,105,420,83,26,0,Out,TRUE,255,121,184,70,2,178,0,1673,1634,1650,1732,TRUE,0,0,0,0,0,0,0,0,0,0,0,0,100,,,,,,,,,,,,,,,,,,,,,,,,
00:00:01.208,128,241,18,52,97,8,8,1,5,161,1,16,161,1,167,255,255,14,152,58,121,70,71,184,178,105,0,255,116,41,255,6,137,6,98,6,114,6,196,255,255,83,83,83,83,255,26,255,255,25,48,0,5,0,255,255,0,
00:00:01.283,58,61,105,420,83,26,0,Out,TRUE,255,123,184,70,18,177,0,1697,1690,1684,1715,TRUE,0,0,0,0,0,0,0,0,0,0,0,0,100,,,,,,,,,,,,,,,,,,,,,,,,
00:00:01.283,128,241,18,52,97,8,8,1,5,161,1,16,161,1,166,255,255,14,158,58,123,70,71,184,177,105,0,255,116,41,255,6,161,6,154,6,148,6,179,255,255,83,83,83,83,255,26,255,255,25,48,0,5,0,255,255,0,
00:00:01.359,58,63,102,408,83,26,0,Out,TRUE,255,121,184,70,2,177,0,1669,1643,1652,1709,TRUE,0,0,0,0,0,0,0,0,0,0,0,0,100,,,,,,,,,,,,,,,,,,,,,,,,
00:00:01.359,128,241,18,52,97,8,8,1,5,161,1,16,161,1,154,255,255,15,2,58,121,70,71,184,177,102,0,255,116,41,255,6,133,6,107,6,116,6,173,255,255,83,83,83,83,255,26,255,255,25,48,0,5,0,255,255,0,
00:00:01.434,58,62,102,408,83,26,0,Out,TRUE,255,123,185,70,18,179,0,1694,1711,1669,1692,TRUE,0,0,0,0,0,0,0,0,0,0,0,0,100,,,,,,,,,,,,,,,,,,,,,,,,
00:00:01.434,128,241,18,52,97,8,8,1,5,161,1,16,161,1,154,255,255,14,89,58,123,70,72,185,179,102,0,255,116,41,255,6,158,6,175,6,133,6,156,255,255,83,83,83,83,255,26,255,255,25,48,0,5,0,255,255,0,
00:00:01.508,58,62,102,408,83,26,0,Out,TRUE,255,122,184,70,254,178,0,1677,1689,1663,1742,TRUE,0,0,0,0,0,0,0,0,0,0,0,0,100,,,,,,,,,,,,,,,,,,,,,,,,
00:00:01.508,128,241,18,52,97,8,8,1,5,161,1,16,161,1,155,255,255,14,254,58,122,70,71,184,178,102,0,255,116,41,255,6,141,6,153,6,127,6,206,255,255,83,83,83,83,255,26,255,255,25,48,0,5,0,255,255,0,
00:00:01.583,58,58,102,408,83,26,0,Out,TRUE,255,126,184,70,87,176,0,1677,1627,1655,1698,TRUE,0,0,0,0,0,0,0,0,0,0,0,0,100,,,,,,,,,,,,,,,,,,,,,,,,
00:00:01.583,128,241,18,52,97,8,8,1,5,161,1,16,161,1,154,255,255,14,167,58,126,70,71,184,176,102,0,255,116,41,255,6,141,6,91,6,119,6,162,255,255,83,83,83,83,255,26,255,255,25,48,0,5,0,255,255,0,
00:00:01.659,57,56,102,408,83,26,0,Out,TRUE,255,128,184,70,0,177,0,1686,1658,1638,1706,TRUE,0,0,0,0,0,0,0,0,0,0,0,0,100,,,,,,,,,,,,,,,,,,,,,,,,
00:00:01.659,128,241,18,52,97,8,8,1,5,161,1,16,161,1,152,255,255,15,19,57,128,70,72,184,177,102,0,255,116,41,255,6,150,6,122,6,102,6,170,255,255,83,83,83,83,255,26,255,255,25,48,0,5,0,255,255,0,
00:00:01.734,57,55,101,404,83,26,0,Out,TRUE,255,129,184,70,128,178,0,1669,1621,1630,1684,TRUE,0,0,0,0,0,0,0,0,0,0,0,0,100,,,,,,,,,,,,,,,,,,,,,,,,
00:00:01.734,128,241,18,52,97,8,8,1,5,161,1,16,161,1,150,255,255,15,37,57,129,70,71,184,178,101,0,255,116,41,255,6,133,6,85,6,94,6,148,255,255,83,83,83,83,255,26,255,255,25,48,0,5,0,255,255,0,
00:00:01.808,58,56,100,400,83,26,0,Out,TRUE,255,128,184,70,242,177,0,1650,1596,1603,1658,TRUE,0,0,0,0,0,0,0,0,0,0,0,0,100,,,,,,,,,,,,,,,,,,,,,,,,
00:00:01.808,128,241,18,52,97,8,8,1,5,161,1,16,161,1,146,255,255,14,242,58,128,70,71,184,177,100,0,255,116,41,255,6,114,6,60,6,67,6,122,255,255,83,83,83,83,255,26,255,255,25,48,0,5,0,255,255,0,
00:00:01.883,57,60,100,400,83,26,0,Out,TRUE,255,124,184,70,2,177,0,1648,1618,1603,1671,TRUE,0,0,0,0,0,0,0,0,0,0,0,0,100,,,,,,,,,,,,,,,,,,,,,,,,
00:00:01.883,128,241,18,52,97,8,8,1,5,161,1,16,161,1,146,255,255,15,19,57,124,70,71,184,177,100,0,255,116,41,255,6,112,6,82,6,67,6,135,255,255,83,83,83,83,255,26,255,255,25,48,0,5,0,255,255,0,
00:00:01.958,58,61,99,396,83,26,0,Out,TRUE,255,123,184,70,18,177,0,1628,1580,1605,1642,TRUE,0,0,0,0,0,0,0,0,0,0,0,0,100,,,,,,,,,,,,,,,,,,,,,,,,
00:00:01.958,128,241,18,52,97,8,8,1,5,161,1,16,161,1,142,255,255,15,5,58,123,70,71,184,177,99,0,255,116,41,255,6,92,6,44,6,69,6,106,255,255,83,83,83,83,255,26,255,255,25,48,0,5,0,255,255,0,
00:00:02.036,57,58,99,396,83,26,0,Out,TRUE,255,126,184,70,60,178,0,1635,1606,1606,1691,TRUE,0,0,0,0,0,0,0,0,0,0,0,0,100,,,,,,,,,,,,,,,,,,,,,,,,
00:00:02.036,128,241,18,52,97,8,8,1,5,161,1,16,161,1,142,255,255,14,60,57,126,70,71,184,178,99,0,255,116,41,255,6,99,6,70,6,70,6,155,255,255,83,83,83,83,255,26,255,255,25,48,0,5,0,255,255,0,
00:00:02.110,57,57,96,384,83,26,0,Out,TRUE,255,128,185,70,35,178,0,1737,1723,1691,1766,TRUE,0,0,0,0,0,0,0,0,0,0,0,0,100,,,,,,,,,,,,,,,,,,,,,,,,
00:00:02.110,128,241,18,52,97,8,8,1,5,161,1,16,161,1,131,255,255,14,74,57,128,70,71,185,178,96,0,255,116,41,255,6,201,6,187,6,155,6,230,255,255,83,83,83,83,255,26,255,255,25,48,0,5,0,255,255,0,
00:00:02.186,58,53,96,384,83,26,0,Out,TRUE,255,131,184,70,6,178,0,1675,1630,1692,1766,TRUE,0,0,0,0,0,0,0,0,0,0,0,0,100,,,,,,,,,,,,,,,,,,,,,,,,
00:00:02.186,128,241,18,52,97,8,8,1,5,161,1,16,161,1,130,255,255,14,238,58,131,70,72,184,178,96,0,255,116,41,255,6,139,6,94,6,156,6,230,255,255,83,83,83,83,255,26,255,255,25,48,0,5,0,255,255,0,
00:00:02.261,57,55,96,384,83,26,0,Out,TRUE,255,129,184,70,8,178,0,1681,1661,1633,1675,TRUE,0,0,0,0,0,0,0,0,0,0,0,0,100,,,,,,,,,,,,,,,,,,,,,,,,
00:00:02.261,128,241,18,52,97,8,8,1,5,161,1,16,161,1,130,255,255,14,115,57,129,70,72,184,178,96,0,255,116,41,255,6,145,6,125,6,97,6,139,255,255,83,83,83,83,255,26,255,255,25,48,0,5,0,255,255,0,
00:00:02.336,58,58,96,384,83,26,0,Out,TRUE,255,127,185,70,5,178,0,1659,1586,1645,1693,TRUE,0,0,0,0,0,0,0,0,0,0,0,0,100,,,,,,,,,,,,,,,,,,,,,,,,
00:00:02.336,128,241,18,52,97,8,8,1,5,161,1,16,161,1,128,255,255,15,81,58,127,70,71,185,178,96,0,255,116,41,255,6,123,6,50,6,109,6,157,255,255,83,83,83,83,255,26,255,255,25,48,0,5,0,255,255,0,
00:00:02.410,57,58,95,380,83,26,0,Out,TRUE,255,126,184,70,8,177,0,1675,1713,1625,1650,TRUE,0,0,0,0,0,0,0,0,0,0,0,0,100,,,,,,,,,,,,,,,,,,,,,,,,
00:00:02.410,128,241,18,52,97,8,8,1,5,161,1,16,161,1,127,255,255,13,240,57,126,70,71,184,177,95,0,255,116,41,255,6,139,6,177,6,89,6,114,255,255,83,83,83,83,255,26,255,255,25,48,0,5,0,255,255,0,
00:00:02.488,57,62,93,372,83,26,0,Out,TRUE,255,122,184,70,5,178,0,1786,1713,1728,1800,TRUE,0,0,0,0,0,0,0,0,0,0,0,0,100,,,,,,,,,,,,,,,,,,,,,,,,
00:00:02.488,128,241,18,52,97,8,8,1,5,161,1,16,161,1,119,255,255,14,132,57,122,70,71,184,178,93,0,255,116,41,255,6,250,6,177,6,192,7,8,255,255,83,83,83,83,255,26,255,255,25,48,0,5,0,255,255,0,
00:00:02.563,57,63,93,372,83,26,0,Out,TRUE,255,122,185,70,8,180,0,1719,1638,1636,1678,TRUE,0,0,0,0,0,0,0,0,0,0,0,0,100,,,,,,,,,,,,,,,,,,,,,,,,
00:00:02.563,128,241,18,52,97,8,8,1,5,161,1,16,161,1,118,255,255,14,211,57,122,70,71,185,180,93,0,255,116,41,255,6,183,6,102,6,100,6,142,255,255,83,83,83,83,255,26,255,255,25,48,0,5,0,255,255,0,
00:00:02.638,57,64,93,372,83,26,0,Out,TRUE,255,120,184,70,5,178,0,1639,1619,1598,1658,TRUE,0,0,0,0,0,0,0,0,0,0,0,0,100,,,,,,,,,,,,,,,,,,,,,,,,
00:00:02.638,128,241,18,52,97,8,8,1,5,161,1,16,161,1,118,255,255,15,139,57,120,70,71,184,178,93,0,255,116,41,255,6,103,6,83,6,62,6,122,255,255,83,83,83,83,255,26,255,255,25,48,0,5,0,255,255,0,
00:00:02.714,57,64,93,372,83,26,0,Out,TRUE,255,120,184,70,8,179,0,1661,1552,1587,1622,TRUE,0,0,0,0,0,0,0,0,0,0,0,0,100,,,,,,,,,,,,,,,,,,,,,,,,
00:00:02.714,128,241,18,52,97,8,8,1,5,161,1,16,161,1,119,255,255,14,217,57,120,70,72,184,179,93,0,255,116,41,255,6,125,6,16,6,51,6,86,255,255,82,83,82,82,255,26,255,255,25,48,0,5,0,255,255,0,
00:00:02.788,58,62,93,372,82,26,0,Out,TRUE,255,122,184,70,5,178,0,1737,1638,1664,1712,TRUE,0,0,0,0,0,0,0,0,0,0,0,0,100,,,,,,,,,,,,,,,,,,,,,,,,
00:00:02.788,128,241,18,52,97,8,8,1,5,161,1,16,161,1,118,255,255,14,209,58,122,70,71,184,178,93,0,255,116,41,255,6,201,6,102,6,128,6,176,255,255,82,82,82,82,255,26,255,255,25,48,0,5,0,255,255,0,
00:00:02.863,57,63,93,372,82,26,0,Out,TRUE,255,121,184,70,8,178,0,1647,1621,1647,1650,TRUE,0,0,0,0,0,0,0,0,0,0,0,0,100,,,,,,,,,,,,,,,,,,,,,,,,
00:00:02.863,128,241,18,52,97,8,8,1,5,161,1,16,161,1,119,255,255,14,218,57,121,70,71,184,178,93,0,255,116,41,255,6,111,6,85,6,111,6,114,255,255,82,82,82,82,255,26,255,255,25,48,0,5,0,255,255,0,
00:00:02.941,57,58,93,372,82,26,0,Out,TRUE,255,126,184,70,5,177,0,1674,1699,1605,1728,TRUE,0,0,0,0,0,0,0,0,0,0,0,0,100,,,,,,,,,,,,,,,,,,,,,,,,
00:00:02.941,128,241,18,52,97,8,8,1,5,161,1,16,161,1,119,255,255,14,76,57,126,70,71,184,177,93,0,255,116,41,255,6,138,6,163,6,69,6,192,255,255,82,82,82,82,255,26,255,255,25,48,0,5,0,255,255,0,
00:00:03.016,57,56,93,372,82,26,0,Out,TRUE,255,128,184,70,8,177,0,1723,1656,1731,1695,TRUE,0,0,0,0,0,0,0,0,0,0,0,0,100,,,,,,,,,,,,,,,,,,,,,,,,
00:00:03.016,128,241,18,52,97,8,8,1,5,161,1,16,161,1,118,255,255,14,159,57,128,70,71,184,177,93,0,255,116,41,255,6,187,6,120,6,195,6,159,255,255,82,82,82,82,255,26,255,255,25,48,0,5,0,255,255,0,
00:00:03.090,58,56,93,372,82,26,0,Out,TRUE,255,129,185,70,5,180,0,1685,1685,1631,1716,TRUE,0,0,0,0,0,0,0,0,0,0,0,0,100,,,,,,,,,,,,,,,,,,,,,,,,
00:00:03.090,128,241,18,52,97,8,8,1,5,161,1,16,161,1,118,255,255,14,134,58,129,70,72,185,180,93,0,255,116,41,255,6,149,6,149,6,95,6,180,255,255,82,82,82,82,255,26,255,255,25,48,0,5,0,255,255,0,
00:00:03.165,58,55,93,372,82,26,0,Out,TRUE,255,129,184,70,8,179,0,1775,1713,1735,1716,TRUE,0,0,0,0,0,0,0,0,0,0,0,0,100,,,,,,,,,,,,,,,,,,,,,,,,
00:00:03.165,128,241,18,52,97,8,8,1,5,161,1,16,161,1,119,255,255,14,81,58,129,70,71,184,179,93,0,255,116,41,255,6,239,6,177,6,199,6,180,255,255,82,82,82,82,255,26,255,255,25,48,0,5,0,255,255,0,
00:00:03.241,58,59,93,372,82,26,0,Out,TRUE,255,125,184,70,5,179,0,1674,1610,1660,1764,TRUE,0,0,0,0,0,0,0,0,0,0,0,0,100,,,,,,,,,,,,,,,,,,,,,,,,
00:00:03.241,128,241,18,52,97,8,8,1,5,161,1,16,161,1,119,255,255,14,237,58,125,70,71,184,179,93,0,255,116,41,255,6,138,6,74,6,124,6,228,255,255,82,82,82,82,255,26,255,255,25,48,0,5,0,255,255,0,
00:00:03.316,57,60,93,372,82,26,0,Out,TRUE,255,124,184,70,8,178,0,1630,1573,1596,1660,TRUE,0,0,0,0,0,0,0,0,0,0,0,0,100,,,,,,,,,,,,,,,,,,,,,,,,
00:00:03.316,128,241,18,52,97,8,8,1,5,161,1,16,161,1,118,255,255,15,9,57,124,70,71,184,178,93,0,255,116,41,255,6,94,6,37,6,60,6,124,255,255,82,82,82,82,255,26,255,255,25,48,0,5,0,255,255,0,
00:00:03.390,58,60,93,372,82,26,0,Out,TRUE,255,124,184,70,5,177,0,1628,1618,1577,1627,TRUE,0,0,0,0,0,0,0,0,0,0,0,0,100,,,,,,,,,,,,,,,,,,,,,,,,
00:00:03.390,128,241,18,52,97,8,8,1,5,161,1,16,161,1,119,255,255,14,127,58,124,70,71,184,177,93,0,255,116,41,255,6,92,6,82,6,41,6,91,255,255,82,82,82,82,255,26,255,255,25,48,0,5,0,255,255,0,
00:00:03.465,58,64,93,372,82,26,0,Out,TRUE,255,120,184,70,8,178,0,1690,1617,1648,1687,TRUE,0,0,0,0,0,0,0,0,0,0,0,0,100,,,,,,,,,,,,,,,,,,,,,,,,
00:00:03.465,128,241,18,52,97,8,8,1,5,161,1,16,161,1,118,255,255,14,228,58,120,70,71,184,178,93,0,255,116,41,255,6,154,6,81,6,112,6,151,255,255,82,82,82,82,255,26,255,255,25,48,0,5,0,255,255,0,
00:00:03.541,58,65,90,360,82,26,0,Out,TRUE,255,119,184,70,5,179,0,1626,1576,1568,1618,TRUE,0,0,0,0,0,0,0,0,0,0,0,0,100,,,,,,,,,,,,,,,,,,,,,,,,
00:00:03.541,128,241,18,52,97,8,8,1,5,161,1,16,161,1,106,255,255,14,244,58,119,70,71,184,179,90,0,255,116,41,255,6,90,6,40,6,32,6,82,255,255,82,82,82,82,255,26,255,255,25,48,0,5,0,255,255,0,
00:00:03.616,58,64,90,360,82,26,0,Out,TRUE,255,121,185,70,8,177,0,1698,1605,1635,1671,TRUE,0,0,0,0,0,0,0,0,0,0,0,0,100,,,,,,,,,,,,,,,,,,,,,,,,
00:00:03.616,128,241,18,52,97,8,8,1,5,161,1,16,161,1,106,255,255,14,224,58,121,70,71,185,177,90,0,255,116,41,255,6,162,6,69,6,99,6,135,255,255,82,82,82,82,255,26,255,255,25,48,0,5,0,255,255,0,
00:00:03.690,57,62,89,356,82,26,0,Out,TRUE,255,122,184,70,5,178,0,1747,1587,1642,1637,TRUE,0,0,0,0,0,0,0,0,0,0,0,0,100,,,,,,,,,,,,,,,,,,,,,,,,
00:00:03.690,128,241,18,52,97,8,8,1,5,161,1,16,161,1,103,255,255,14,83,57,122,70,72,184,178,89,0,255,116,41,255,6,211,6,51,6,106,6,101,255,255,82,82,82,82,255,26,255,255,25,48,0,5,0,255,255,0,
00:00:03.765,57,59,89,356,82,26,0,Out,TRUE,255,125,184,70,8,177,0,1709,1715,1642,1751,TRUE,0,0,0,0,0,0,0,0,0,0,0,0,100,,,,,,,,,,,,,,,,,,,,,,,,
00:00:03.765,128,241,18,52,97,8,8,1,5,161,1,16,161,1,102,255,255,14,102,57,125,70,71,184,177,89,0,255,116,41,255,6,173,6,179,6,106,6,215,255,255,82,82,82,82,255,26,255,255,25,48,0,5,0,255,255,0,
00:00:03.841,57,62,87,348,82,26,0,Out,TRUE,255,123,185,70,5,179,0,1644,1586,1679,1622,TRUE,0,0,0,0,0,0,0,0,0,0,0,0,100,,,,,,,,,,,,,,,,,,,,,,,,
00:00:03.841,128,241,18,52,97,8,8,1,5,161,1,16,161,1,94,255,255,14,242,57,123,70,72,185,179,87,0,255,116,41,255,6,108,6,50,6,143,6,86,255,255,82,82,82,82,255,26,255,255,25,48,0,5,0,255,255,0,
00:00:03.918,58,58,84,336,82,26,0,Out,TRUE,255,126,184,70,8,179,0,1625,1623,1587,1705,TRUE,0,0,0,0,0,0,0,0,0,0,0,0,100,,,,,,,,,,,,,,,,,,,,,,,,
00:00:03.918,128,241,18,52,97,8,8,1,5,161,1,16,161,1,81,255,255,14,95,58,126,70,72,184,179,84,0,255,116,41,255,6,89,6,87,6,51,6,169,255,255,82,82,82,82,255,26,255,255,25,48,0,5,0,255,255,0,
00:00:03.993,57,57,83,332,82,26,0,Out,TRUE,255,127,184,70,5,177,0,1658,1620,1640,1659,TRUE,0,0,0,0,0,0,0,0,0,0,0,0,100,,,,,,,,,,,,,,,,,,,,,,,,
00:00:03.993,128,241,18,52,97,8,8,1,5,161,1,16,161,1,78,255,255,14,222,57,127,70,71,184,177,83,0,255,116,41,255,6,122,6,84,6,104,6,123,255,255,82,82,82,82,255,26,255,255,25,48,0,5,0,255,255,0,
00:00:04.068,58,55,81,324,82,26,0,Out,TRUE,255,129,184,70,8,178,0,1644,1622,1597,1690,TRUE,0,0,0,0,0,0,0,0,0,0,0,0,100,,,,,,,,,,,,,,,,,,,,,,,,
00:00:04.068,128,241,18,52,97,8,8,1,5,161,1,16,161,1,70,255,255,14,43,58,129,70,72,184,178,81,0,255,116,41,255,6,108,6,86,6,61,6,154,255,255,82,82,82,82,255,26,255,255,25,48,0,5,0,255,255,0,
00:00:04.143,57,54,87,348,82,26,0,Out,TRUE,255,130,184,70,5,180,0,1718,1668,1711,1690,TRUE,0,0,0,0,0,0,0,0,0,0,0,0,100,,,,,,,,,,,,,,,,,,,,,,,,
00:00:04.143,128,241,18,52,97,8,8,1,5,161,1,16,161,1,95,255,255,14,164,57,130,70,71,184,180,87,0,255,116,41,255,6,182,6,132,6,175,6,154,255,255,82,82,82,82,255,26,255,255,25,48,0,5,0,255,255,0,
00:00:04.218,58,54,88,352,82,26,0,Out,TRUE,255,131,185,70,8,179,0,1585,1580,1581,1660,TRUE,0,0,0,0,0,0,0,0,0,0,0,0,100,,,,,,,,,,,,,,,,,,,,,,,,
00:00:04.218,128,241,18,52,97,8,8,1,5,161,1,16,161,1,98,255,255,15,0,58,131,70,71,185,179,88,0,255,116,41,255,6,49,6,44,6,45,6,124,255,255,82,82,82,82,255,26,255,255,25,48,0,5,0,255,255,0,
00:00:04.293,58,56,90,360,82,26,0,Out,TRUE,255,128,184,70,5,179,0,1685,1660,1679,1641,TRUE,0,0,0,0,0,0,0,0,0,0,0,0,100,,,,,,,,,,,,,,,,,,,,,,,,
00:00:04.293,128,241,18,52,97,8,8,1,5,161,1,16,161,1,106,255,255,14,172,58,128,70,72,184,179,90,0,255,116,41,255,6,149,6,124,6,143,6,105,255,255,82,82,82,82,255,26,255,255,25,48,0,5,0,255,255,0,
00:00:04.368,58,56,88,352,81,26,0,Out,TRUE,255,128,184,71,8,177,0,1605,1583,1586,1662,TRUE,0,0,0,0,0,0,0,0,0,0,0,0,100,,,,,,,,,,,,,,,,,,,,,,,,
00:00:04.368,128,241,18,52,97,8,8,1,5,161,1,16,161,1,98,255,255,14,186,58,128,71,72,184,177,88,0,255,116,41,255,6,69,6,47,6,50,6,126,255,255,81,81,81,82,255,26,255,255,25,48,0,5,0,255,255,0,
00:00:04.443,58,64,88,352,81,26,0,Out,TRUE,255,121,185,70,5,177,0,1739,1583,1683,1669,TRUE,0,0,0,0,0,0,0,0,0,0,0,0,100,,,,,,,,,,,,,,,,,,,,,,,,
00:00:04.443,128,241,18,52,97,8,8,1,5,161,1,16,161,1,98,255,255,14,105,58,121,70,72,185,177,88,0,255,116,41,255,6,203,6,47,6,147,6,133,255,255,80,81,81,81,255,26,255,255,25,48,0,5,0,255,255,0,
00:00:04.518,57,64,88,352,80,26,0,Out,TRUE,255,120,184,70,8,177,0,1624,1645,1568,1656,TRUE,0,0,0,0,0,0,0,0,0,0,0,0,100,,,,,,,,,,,,,,,,,,,,,,,,
00:00:04.518,128,241,18,52,97,8,8,1,5,161,1,16,161,1,98,255,255,15,56,57,120,70,72,184,177,88,0,255,116,41,255,6,88,6,109,6,32,6,120,255,255,81,80,81,81,255,26,255,255,25,48,0,5,0,255,255,0,
00:00:04.593,58,63,88,352,81,26,0,Out,TRUE,255,121,184,71,5,179,0,1725,1597,1645,1633,TRUE,0,0,0,0,0,0,0,0,0,0,0,0,100,,,,,,,,,,,,,,,,,,,,,,,,
00:00:04.593,128,241,18,52,97,8,8,1,5,161,1,16,161,1,98,255,255,14,129,58,121,71,71,184,179,88,0,255,116,41,255,6,189,6,61,6,109,6,97,255,255,81,81,80,80,255,26,255,255,25,48,0,5,0,255,255,0,
00:00:04.667,58,63,86,344,81,26,0,Out,TRUE,255,121,184,70,8,180,0,1697,1616,1617,1656,TRUE,0,0,0,0,0,0,0,0,0,0,0,0,100,,,,,,,,,,,,,,,,,,,,,,,,
00:00:04.667,128,241,18,52,97,8,8,1,5,161,1,16,161,1,90,255,255,14,212,58,121,70,72,184,180,86,0,255,116,41,255,6,161,6,80,6,81,6,120,255,255,81,81,81,81,255,26,255,255,25,48,0,5,0,255,255,0,
00:00:04.743,58,62,86,344,81,26,0,Out,TRUE,255,122,184,70,5,177,0,1643,1602,1616,1640,TRUE,0,0,0,0,0,0,0,0,0,0,0,0,100,,,,,,,,,,,,,,,,,,,,,,,,
00:00:04.743,128,241,18,52,97,8,8,1,5,161,1,16,161,1,91,255,255,14,231,58,122,70,71,184,177,86,0,255,116,41,255,6,107,6,66,6,80,6,104,255,255,81,81,80,80,255,26,255,255,25,48,0,5,0,255,255,0,
00:00:04.818,58,63,86,344,81,26,0,Out,TRUE,255,121,184,71,8,180,0,1608,1549,1577,1583,TRUE,0,0,0,0,0,0,0,0,0,0,0,0,100,,,,,,,,,,,,,,,,,,,,,,,,
00:00:04.818,128,241,18,52,97,8,8,1,5,161,1,16,161,1,91,255,255,15,58,58,121,71,72,184,180,86,0,255,116,41,255,6,72,6,13,6,41,6,47,255,255,81,81,81,81,255,26,255,255,25,48,0,5,0,255,255,0,
00:00:04.893,58,62,85,340,80,26,0,Out,TRUE,255,122,184,71,5,179,0,1587,1587,1600,1596,TRUE,0,0,0,0,0,0,0,0,0,0,0,0,100,,,,,,,,,,,,,,,,,,,,,,,,
00:00:04.893,128,241,18,52,97,8,8,1,5,161,1,16,161,1,86,255,255,14,247,58,122,71,72,184,179,85,0,255,116,41,255,6,51,6,51,6,64,6,60,255,255,80,80,80,80,255,26,255,255,25,48,0,5,0,255,255,0,
00:00:04.967,58,62,86,344,80,26,0,Out,TRUE,255,122,184,70,8,178,0,1590,1541,1538,1588,TRUE,0,0,0,0,0,0,0,0,0,0,0,0,100,,,,,,,,,,,,,,,,,,,,,,,,
00:00:04.967,128,241,18,52,97,8,8,1,5,161,1,16,161,1,91,255,255,15,119,58,122,70,71,184,178,86,0,255,116,41,255,6,54,6,5,6,2,6,52,255,255,80,80,80,80,255,26,255,255,25,48,0,5,0,255,255,0,
00:00:05.043,58,64,86,344,80,26,0,Out,TRUE,255,120,184,70,5,177,0,1548,1520,1534,1620,TRUE,0,0,0,0,0,0,0,0,0,0,0,0,100,,,,,,,,,,,,,,,,,,,,,,,,
00:00:05.043,128,241,18,52,97,8,8,1,5,161,1,16,161,1,90,255,255,14,244,58,120,70,72,184,177,86,0,255,116,41,255,6,12,5,240,5,254,6,84,255,255,80,80,80,81,255,26,255,255,25,48,0,5,0,255,255,0,
00:00:05.120,58,63,86,344,81,26,0,Out,TRUE,255,121,184,70,8,179,0,1626,1587,1590,1673,TRUE,0,0,0,0,0,0,0,0,0,0,0,0,100,,,,,,,,,,,,,,,,,,,,,,,,
00:00:05.120,128,241,18,52,97,8,8,1,5,161,1,16,161,1,91,255,255,14,164,58,121,70,71,184,179,86,0,255,116,40,255,6,90,6,51,6,54,6,137,255,255,81,81,81,80,255,26,255,255,25,48,0,5,0,255,255,0,
00:00:05.195,57,62,85,340,80,26,0,Out,TRUE,255,122,184,70,5,180,0,1609,1595,1584,1700,TRUE,0,0,0,0,0,0,0,0,0,0,0,0,100,,,,,,,,,,,,,,,,,,,,,,,,
00:00:05.195,128,241,18,52,97,8,8,1,5,161,1,16,161,1,86,255,255,14,131,57,122,70,72,184,180,85,0,255,116,40,255,6,73,6,59,6,48,6,164,255,255,80,80,80,80,255,26,255,255,25,48,0,13,0,255,255,0,
00:00:05.271,58,59,85,340,80,26,0,Out,TRUE,255,125,184,71,8,177,0,1667,1625,1641,1657,TRUE,0,0,0,0,0,0,0,0,0,0,0,0,100,,,,,,,,,,,,,,,,,,,,,,,,
00:00:05.271,128,241,18,52,97,8,8,1,5,161,1,16,161,1,86,255,255,14,196,58,125,71,72,184,177,85,0,255,116,40,255,6,131,6,89,6,105,6,121,255,255,80,80,80,80,255,26,255,255,25,48,0,5,0,255,255,0,
00:00:05.345,58,60,81,324,80,26,0,Out,TRUE,255,124,184,70,5,179,0,1614,1625,1601,1667,TRUE,0,0,0,0,0,0,0,0,0,0,0,0,100,,,,,,,,,,,,,,,,,,,,,,,,
00:00:05.345,128,241,18,52,97,8,8,1,5,161,1,16,161,1,71,255,255,14,106,58,124,70,71,184,179,81,0,255,116,40,255,6,78,6,89,6,65,6,131,255,255,80,80,81,81,255,26,255,255,25,48,0,5,0,255,255,0,
00:00:05.420,57,60,81,324,81,26,0,Out,TRUE,255,124,184,71,8,178,0,1633,1586,1613,1635,TRUE,0,0,0,0,0,0,0,0,0,0,0,0,100,,,,,,,,,,,,,,,,,,,,,,,,
00:00:05.420,128,241,18,52,97,8,8,1,5,161,1,16,161,1,71,255,255,15,53,57,124,71,72,184,178,81,0,255,116,40,255,6,97,6,50,6,77,6,99,255,255,81,81,81,80,255,26,255,255,25,48,0,5,0,255,255,0,
00:00:05.495,58,64,81,324,81,26,0,Out,TRUE,255,121,185,71,5,178,0,1539,1552,1516,1566,TRUE,0,0,0,0,0,0,0,0,0,0,0,0,100,,,,,,,,,,,,,,,,,,,,,,,,
00:00:05.495,128,241,18,52,97,8,8,1,5,161,1,16,161,1,70,255,255,15,94,58,121,71,72,185,178,81,0,255,116,40,255,6,3,6,16,5,236,6,30,255,255,81,81,81,81,255,26,255,255,25,48,0,5,0,255,255,0,
00:00:05.571,58,62,81,324,81,26,0,Out,TRUE,255,123,185,71,8,180,0,1593,1510,1557,1574,TRUE,0,0,0,0,0,0,0,0,0,0,0,0,100,,,,,,,,,,,,,,,,,,,,,,,,
00:00:05.571,128,241,18,52,97,8,8,1,5,161,1,16,161,1,71,255,255,14,194,58,123,71,71,185,180,81,0,255,116,40,255,6,57,5,230,6,21,6,38,255,255,80,81,81,81,255,26,255,255,25,48,0,5,0,255,255,0,
00:00:05.645,58,59,81,324,80,26,0,Out,TRUE,255,125,184,71,5,179,0,1593,1553,1543,1598,TRUE,0,0,0,0,0,0,0,0,0,0,0,0,100,,,,,,,,,,,,,,,,,,,,,,,,
00:00:05.645,128,241,18,52,97,8,8,1,5,161,1,16,161,1,70,255,255,15,47,58,125,71,72,184,179,81,0,255,116,40,255,6,57,6,17,6,7,6,62,255,255,80,80,81,81,255,26,255,255,25,48,0,5,0,255,255,0,
00:00:05.720,58,61,81,324,80,26,0,Out,TRUE,255,123,184,71,8,178,0,1576,1518,1532,1569,TRUE,0,0,0,0,0,0,0,0,0,0,0,0,100,,,,,,,,,,,,,,,,,,,,,,,,
00:00:05.720,128,241,18,52,97,8,8,1,5,161,1,16,161,1,71,255,255,15,15,58,123,71,72,184,178,81,0,255,116,39,255,6,40,5,238,5,252,6,33,255,255,80,80,80,80,255,26,255,255,25,48,0,5,0,255,255,0,
00:00:05.798,58,61,81,324,80,26,0,Out,TRUE,255,123,184,71,5,179,0,1564,1524,1521,1574,TRUE,0,0,0,0,0,0,0,0,0,0,0,0,100,,,,,,,,,,,,,,,,,,,,,,,,
00:00:05.798,128,241,18,52,97,8,8,1,5,161,1,16,161,1,70,255,255,14,254,58,123,71,71,184,179,81,0,255,116,39,255,6,28,5,244,5,241,6,38,255,255,80,80,80,80,255,26,255,255,25,48,0,5,0,255,255,0,
00:00:05.873,57,61,81,324,80,26,0,Out,TRUE,255,124,185,71,8,180,0,1558,1532,1532,1578,TRUE,0,0,0,0,0,0,0,0,0,0,0,0,100,,,,,,,,,,,,,,,,,,,,,,,,
00:00:05.873,128,241,18,52,97,8,8,1,5,161,1,16,161,1,70,255,255,15,38,57,124,71,71,185,180,81,0,255,116,39,255,6,22,5,252,5,252,6,42,255,255,80,80,80,80,255,26,255,255,25,48,0,5,0,255,255,0,
00:00:05.947,57,58,79,316,80,26,0,Out,TRUE,255,126,184,71,5,179,0,1556,1504,1553,1578,TRUE,0,0,0,0,0,0,0,0,0,0,0,0,100,,,,,,,,,,,,,,,,,,,,,,,,
00:00:05.947,128,241,18,52,97,8,8,1,5,161,1,16,161,1,63,255,255,14,137,57,126,71,72,184,179,79,0,255,116,39,255,6,20,5,224,6,17,6,42,255,255,80,80,80,80,255,26,255,255,25,48,0,5,0,255,255,0,
00:00:06.022,58,56,78,312,80,26,0,Out,TRUE,255,128,184,71,8,180,0,1592,1598,1553,1665,TRUE,0,0,0,0,0,0,0,0,0,0,0,0,100,,,,,,,,,,,,,,,,,,,,,,,,
00:00:06.022,128,241,18,52,97,8,8,1,5,161,1,16,161,1,58,255,255,14,64,58,128,71,72,184,180,78,0,255,116,39,255,6,56,6,62,6,17,6,129,255,255,79,80,79,80,255,26,255,255,25,48,0,5,0,255,255,0,
00:00:06.098,58,58,77,308,79,26,0,Out,TRUE,255,127,185,71,5,177,0,1611,1549,1595,1589,TRUE,0,0,0,0,0,0,0,0,0,0,0,0,100,,,,,,,,,,,,,,,,,,,,,,,,
00:00:06.098,128,241,18,52,97,8,8,1,5,161,1,16,161,1,55,255,255,14,148,58,127,71,72,185,177,77,0,255,116,39,255,6,75,6,13,6,59,6,53,255,255,79,79,79,79,255,26,255,255,25,48,0,5,0,255,255,0,
00:00:06.173,57,58,77,308,79,26,0,Out,TRUE,255,126,184,71,8,180,0,1587,1559,1557,1628,TRUE,0,0,0,0,0,0,0,0,0,0,0,0,100,,,,,,,,,,,,,,,,,,,,,,,,
00:00:06.173,128,241,18,52,97,8,8,1,5,161,1,16,161,1,55,255,255,14,139,57,126,71,72,184,180,77,0,255,116,39,255,6,51,6,23,6,21,6,92,255,255,79,79,79,79,255,26,255,255,25,48,0,5,0,255,255,0,
00:00:06.247,58,60,78,312,79,26,0,Out,TRUE,255,124,184,71,5,177,0,1601,1562,1581,1634,TRUE,0,0,0,0,0,0,0,0,0,0,0,0,100,,,,,,,,,,,,,,,,,,,,,,,,
00:00:06.247,128,241,18,52,97,8,8,1,5,161,1,16,161,1,59,255,255,14,57,58,124,71,71,184,177,78,0,255,116,39,255,6,65,6,26,6,45,6,98,255,255,79,79,79,79,255,26,255,255,25,48,0,5,0,255,255,0,
00:00:06.322,57,61,77,308,79,26,0,Out,TRUE,255,124,185,71,8,179,0,1640,1628,1610,1634,TRUE,0,0,0,0,0,0,0,0,0,0,0,0,100,,,,,,,,,,,,,,,,,,,,,,,,
00:00:06.322,128,241,18,52,97,8,8,1,5,161,1,16,161,1,55,255,255,14,47,57,124,71,72,185,179,77,0,255,116,39,255,6,104,6,92,6,74,6,98,255,255,79,79,79,79,255,26,255,255,25,48,0,5,0,255,255,0,
00:00:06.398,58,62,77,308,79,26,0,Out,TRUE,255,122,184,71,5,177,0,1578,1540,1564,1647,TRUE,0,0,0,0,0,0,0,0,0,0,0,0,100,,,,,,,,,,,,,,,,,,,,,,,,
00:00:06.398,128,241,18,52,97,8,8,1,5,161,1,16,161,1,55,255,255,14,212,58,122,71,71,184,177,77,0,255,116,39,255,6,42,6,4,6,28,6,111,255,255,79,79,79,79,255,26,255,255,25,48,0,5,0,255,255,0,
00:00:06.473,57,60,77,308,79,26,0,Out,TRUE,255,124,184,71,8,179,0,1653,1689,1635,1600,TRUE,0,0,0,0,0,0,0,0,0,0,0,0,100,,,,,,,,,,,,,,,,,,,,,,,,
00:00:06.473,128,241,18,52,97,8,8,1,5,161,1,16,161,1,55,255,255,14,19,57,124,71,71,184,179,77,0,255,116,39,255,6,117,6,153,6,99,6,64,255,255,79,79,79,79,255,26,255,255,25,48,0,5,0,255,255,0,
00:00:06.547,58,56,82,328,79,26,0,Out,TRUE,255,128,184,71,5,178,0,1673,1662,1657,1720,TRUE,0,0,0,0,0,0,0,0,0,0,0,0,100,,,,,,,,,,,,,,,,,,,,,,,,
00:00:06.547,128,241,18,52,97,8,8,1,5,161,1,16,161,1,73,255,255,13,230,58,128,71,72,184,178,82,0,255,116,39,255,6,137,6,126,6,121,6,184,255,255,79,79,79,79,255,26,255,255,25,48,0,5,0,255,255,0,
00:00:06.622,58,53,80,320,79,26,0,Out,TRUE,255,131,184,71,8,180,0,1673,1616,1592,1655,TRUE,0,0,0,0,0,0,0,0,0,0,0,0,100,,,,,,,,,,,,,,,,,,,,,,,,
00:00:06.622,128,241,18,52,97,8,8,1,5,161,1,16,161,1,67,255,255,14,215,58,131,71,72,184,180,80,0,255,116,39,255,6,137,6,80,6,56,6,119,255,255,79,79,79,79,255,26,255,255,25,48,0,5,0,255,255,0,
00:00:06.698,58,54,80,320,79,26,0,Out,TRUE,255,130,184,71,5,179,0,1604,1547,1560,1600,TRUE,0,0,0,0,0,0,0,0,0,0,0,0,100,,,,,,,,,,,,,,,,,,,,,,,,
00:00:06.698,128,241,18,52,97,8,8,1,5,161,1,16,161,1,66,255,255,14,130,58,130,71,71,184,179,80,0,255,116,39,255,6,68,6,11,6,24,6,64,255,255,79,79,79,79,255,26,255,255,25,48,0,5,0,255,255,0,
00:00:06.775,57,59,79,316,79,26,0,Out,TRUE,255,125,184,71,8,179,0,1587,1577,1622,1642,TRUE,0,0,0,0,0,0,0,0,0,0,0,0,100,,,,,,,,,,,,,,,,,,,,,,,,
00:00:06.775,128,241,18,52,97,8,8,1,5,161,1,16,161,1,63,255,255,14,41,57,125,71,72,184,179,79,0,255,116,39,255,6,51,6,41,6,86,6,106,255,255,79,79,79,79,255,26,255,255,25,48,0,5,0,255,255,0,
00:00:06.850,58,62,82,328,79,26,0,Out,TRUE,255,122,184,71,5,178,0,1630,1595,1606,1636,TRUE,0,0,0,0,0,0,0,0,0,0,0,0,100,,,,,,,,,,,,,,,,,,,,,,,,
00:00:06.850,128,241,18,52,97,8,8,1,5,161,1,16,161,1,75,255,255,14,72,58,122,71,71,184,178,82,0,255,116,39,255,6,94,6,59,6,70,6,100,255,255,79,79,79,79,255,26,255,255,25,48,0,5,0,255,255,0,
00:00:06.925,57,61,82,328,79,26,0,Out,TRUE,255,123,184,71,8,179,0,1639,1580,1597,1689,TRUE,0,0,0,0,0,0,0,0,0,0,0,0,100,,,,,,,,,,,,,,,,,,,,,,,,
00:00:06.925,128,241,18,52,97,8,8,1,5,161,1,16,161,1,74,255,255,14,132,57,123,71,71,184,179,82,0,255,116,39,255,6,103,6,44,6,61,6,153,255,255,79,79,79,79,255,26,255,255,25,48,0,5,0,255,255,0,
00:00:07.000,58,57,85,340,79,26,0,Out,TRUE,255,127,184,71,5,180,0,1612,1557,1581,1624,TRUE,0,0,0,0,0,0,0,0,0,0,0,0,100,,,,,,,,,,,,,,,,,,,,,,,,
00:00:07.000,128,241,18,52,97,8,8,1,5,161,1,16,161,1,87,255,255,14,141,58,127,71,71,184,180,85,0,255,116,39,255,6,76,6,21,6,45,6,88,255,255,79,79,79,79,255,26,255,255,25,48,0,5,0,255,255,0,
00:00:07.075,57,51,85,340,79,26,0,Out,TRUE,255,133,184,71,8,177,0,1631,1610,1595,1624,TRUE,0,0,0,0,0,0,0,0,0,0,0,0,100,,,,,,,,,,,,,,,,,,,,,,,,
00:00:07.075,128,241,18,52,97,8,8,1,5,161,1,16,161,1,87,255,255,14,47,57,133,71,72,184,177,85,0,255,116,39,255,6,95,6,74,6,59,6,88,255,255,79,79,79,79,255,26,255,255,25,48,0,5,0,255,255,0,
00:00:07.153,57,54,83,332,79,26,0,Out,TRUE,255,131,185,71,5,179,0,1595,1555,1586,1653,TRUE,0,0,0,0,0,0,0,0,0,0,0,0,100,,,,,,,,,,,,,,,,,,,,,,,,
00:00:07.153,128,241,18,52,97,8,8,1,5,161,1,16,161,1,76,255,255,14,163,57,131,71,71,185,179,83,0,255,116,39,255,6,59,6,19,6,50,6,117,255,255,79,79,79,79,255,26,255,255,25,48,0,5,0,255,255,0,
00:00:07.227,58,58,81,324,79,26,0,Out,TRUE,255,126,184,71,8,177,0,1618,1608,1584,1603,TRUE,0,0,0,0,0,0,0,0,0,0,0,0,100,,,,,,,,,,,,,,,,,,,,,,,,
00:00:07.227,128,241,18,52,97,8,8,1,5,161,1,16,161,1,70,255,255,14,9,58,126,71,71,184,177,81,0,255,116,39,255,6,82,6,72,6,48,6,67,255,255,79,79,79,79,255,26,255,255,25,48,0,5,0,255,255,0,
00:00:07.307,57,62,81,324,79,26,0,Out,TRUE,255,122,184,71,5,180,0,1580,1560,1579,1651,TRUE,0,0,0,0,0,0,0,0,0,0,0,0,100,,,,,,,,,,,,,,,,,,,,,,,,
00:00:07.307,128,241,18,52,97,8,8,1,5,161,1,16,161,1,71,255,255,14,181,57,122,71,71,184,180,81,0,255,116,39,255,6,44,6,24,6,43,6,115,255,255,79,79,79,79,255,26,255,255,25,48,0,5,0,255,255,0,
00:00:07.382,58,63,81,324,79,26,0,Out,TRUE,255,121,184,71,8,179,0,1667,1550,1564,1617,TRUE,0,0,0,0,0,0,0,0,0,0,0,0,100,,,,,,,,,,,,,,,,,,,,,,,,
00:00:07.382,128,241,18,52,97,8,8,1,5,161,1,16,161,1,71,255,255,14,99,58,121,71,72,184,179,81,0,255,116,39,255,6,131,6,14,6,28,6,81,255,255,79,79,79,79,255,26,255,255,25,48,0,5,0,255,255,0,
00:00:07.458,57,59,81,324,79,26,0,Out,TRUE,255,125,184,71,5,181,0,1612,1595,1601,1643,TRUE,0,0,0,0,0,0,0,0,0,0,0,0,100,,,,,,,,,,,,,,,,,,,,,,,,
00:00:07.458,128,241,18,52,97,8,8,1,5,161,1,16,161,1,70,255,255,14,117,57,125,71,72,184,181,81,0,255,116,39,255,6,76,6,59,6,65,6,107,255,255,79,79,79,79,255,26,255,255,25,48,0,5,0,255,255,0,
00:00:07.533,58,54,81,324,79,26,0,Out,TRUE,255,130,184,71,8,178,0,1596,1545,1578,1610,TRUE,0,0,0,0,0,0,0,0,0,0,0,0,100,,,,,,,,,,,,,,,,,,,,,,,,
00:00:07.533,128,241,18,52,97,8,8,1,5,161,1,16,161,1,70,255,255,14,109,58,130,71,72,184,178,81,0,255,116,39,255,6,60,6,9,6,42,6,74,255,255,79,79,79,79,255,26,255,255,25,48,0,5,0,255,255,0,
00:00:07.607,57,53,81,324,79,26,0,Out,TRUE,255,131,184,71,5,180,0,1616,1611,1606,1658,TRUE,0,0,0,0,0,0,0,0,0,0,0,0,100,,,,,,,,,,,,,,,,,,,,,,,,
00:00:07.607,128,241,18,52,97,8,8,1,5,161,1,16,161,1,71,255,255,14,117,57,131,71,72,184,180,81,0,255,116,39,255,6,80,6,75,6,70,6,122,255,255,79,79,79,79,255,26,255,255,25,48,0,5,0,255,255,0,
00:00:07.682,57,58,81,324,78,26,0,Out,TRUE,255,126,184,71,8,179,0,1612,1532,1606,1562,TRUE,0,0,0,0,0,0,0,0,0,0,0,0,100,,,,,,,,,,,,,,,,,,,,,,,,
00:00:07.682,128,241,18,52,97,8,8,1,5,161,1,16,161,1,70,255,255,15,15,57,126,71,71,184,179,81,0,255,116,39,255,6,76,5,252,6,70,6,26,255,255,79,78,78,78,255,26,255,255,25,48,0,5,0,255,255,0,
00:00:07.757,58,58,81,324,78,26,0,Out,TRUE,255,126,184,71,5,178,0,1560,1552,1507,1626,TRUE,0,0,0,0,0,0,0,0,0,0,0,0,100,,,,,,,,,,,,,,,,,,,,,,,,
00:00:07.757,128,241,18,52,97,8,8,1,5,161,1,16,161,1,70,255,255,14,18,58,126,71,71,184,178,81,0,255,116,39,255,6,24,6,16,5,227,6,90,255,255,78,78,78,78,255,26,255,255,25,48,0,5,0,255,255,0,
00:00:07.833,58,64,81,324,78,26,0,Out,TRUE,255,121,185,71,8,179,0,1659,1580,1624,1654,TRUE,0,0,0,0,0,0,0,0,0,0,0,0,100,,,,,,,,,,,,,,,,,,,,,,,,
00:00:07.833,128,241,18,52,97,8,8,1,5,161,1,16,161,1,69,255,255,14,149,58,121,71,72,185,179,81,0,255,116,39,255,6,123,6,44,6,88,6,118,255,255,78,78,78,78,255,26,255,255,25,48,0,5,0,255,255,0,
00:00:07.907,58,61,81,324,78,26,0,Out,TRUE,255,123,184,71,5,178,0,1643,1620,1578,1739,TRUE,0,0,0,0,0,0,0,0,0,0,0,0,100,,,,,,,,,,,,,,,,,,,,,,,,
00:00:07.907,128,241,18,52,97,8,8,1,5,161,1,16,161,1,68,255,255,14,41,58,123,71,72,184,178,81,0,255,116,39,255,6,107,6,84,6,42,6,203,255,255,78,78,78,78,255,26,255,255,25,48,0,5,0,255,255,0,
00:00:07.982,58,58,81,324,78,26,0,Out,TRUE,255,127,185,71,8,178,0,1789,1620,1734,1702,TRUE,0,0,0,0,0,0,0,0,0,0,0,0,100,,,,,,,,,,,,,,,,,,,,,,,,
00:00:07.982,128,241,18,52,97,8,8,1,5,161,1,16,161,1,71,255,255,14,41,58,127,71,72,185,178,81,0,255,116,39,255,6,253,6,84,6,198,6,166,255,255,78,78,78,78,255,26,255,255,25,48,0,5,0,255,255,0,
00:00:08.057,58,55,79,316,78,26,0,Out,TRUE,255,129,184,71,5,177,0,1679,1688,1607,1670,TRUE,0,0,0,0,0,0,0,0,0,0,0,0,100,,,,,,,,,,,,,,,,,,,,,,,,
00:00:08.057,128,241,18,52,97,8,8,1,5,161,1,16,161,1,63,255,255,14,105,58,129,71,72,184,177,79,0,255,116,39,255,6,143,6,152,6,71,6,134,255,255,78,78,78,78,255,26,255,255,25,48,0,5,0,255,255,0,
00:00:08.133,58,56,79,316,78,26,0,Out,TRUE,255,128,184,71,8,179,0,1742,1674,1765,1747,TRUE,0,0,0,0,0,0,0,0,0,0,0,0,100,,,,,,,,,,,,,,,,,,,,,,,,
00:00:08.133,128,241,18,52,97,8,8,1,5,161,1,16,161,1,62,255,255,14,54,58,128,71,71,184,179,79,0,255,116,36,255,6,206,6,138,6,229,6,211,255,255,78,78,78,78,255,26,255,255,25,48,0,5,0,255,255,0,
00:00:08.209,58,59,78,312,78,26,0,Out,TRUE,255,125,184,71,5,179,0,1610,1633,1582,1643,TRUE,0,0,0,0,0,0,0,0,0,0,0,0,100,,,,,,,,,,,,,,,,,,,,,,,,
00:00:08.209,128,241,18,52,97,8,8,1,5,161,1,16,161,1,58,255,255,14,226,58,125,71,71,184,179,78,0,255,116,36,255,6,74,6,97,6,46,6,107,255,255,78,78,78,78,255,26,255,255,25,48,0,5,0,255,255,0,
00:00:08.284,58,56,77,308,78,26,0,Out,TRUE,255,129,185,71,8,180,0,1610,1568,1670,1638,TRUE,0,0,0,0,0,0,0,0,0,0,0,0,100,,,,,,,,,,,,,,,,,,,,,,,,
00:00:08.284,128,241,18,52,97,8,8,1,5,161,1,16,161,1,55,255,255,14,67,58,129,71,71,185,180,77,0,255,116,36,255,6,74,6,32,6,134,6,102,255,255,78,78,78,78,255,26,255,255,25,48,0,5,0,255,255,0,
00:00:08.360,58,58,77,308,78,26,0,Out,TRUE,255,126,184,71,5,179,0,1706,1703,1707,1745,TRUE,0,0,0,0,0,0,0,0,0,0,0,0,100,,,,,,,,,,,,,,,,,,,,,,,,
00:00:08.360,128,241,18,52,97,8,8,1,5,161,1,16,161,1,55,255,255,14,126,58,126,71,72,184,179,77,0,255,116,36,255,6,170,6,167,6,171,6,209,255,255,78,78,78,78,255,26,255,255,25,48,0,5,0,255,255,0,
00:00:08.435,59,58,77,308,78,26,0,Out,TRUE,255,126,184,71,8,178,0,1701,1637,1709,1696,TRUE,0,0,0,0,0,0,0,0,0,0,0,0,100,,,,,,,,,,,,,,,,,,,,,,,,
00:00:08.435,128,241,18,52,97,8,8,1,5,161,1,16,161,1,55,255,255,14,158,59,126,71,72,184,178,77,0,255,116,36,255,6,165,6,101,6,173,6,160,255,255,78,78,78,78,255,26,255,255,25,48,0,5,0,255,255,0,
00:00:08.509,59,57,77,308,78,26,0,Out,TRUE,255,127,184,71,5,179,0,1733,1658,1652,1690,TRUE,0,0,0,0,0,0,0,0,0,0,0,0,100,,,,,,,,,,,,,,,,,,,,,,,,
00:00:08.509,128,241,18,52,97,8,8,1,5,161,1,16,161,1,55,255,255,15,116,59,127,71,72,184,179,77,0,255,116,36,255,6,197,6,122,6,116,6,154,255,255,78,78,78,78,255,26,255,255,25,48,0,5,0,255,255,0,
00:00:08.584,59,58,77,308,78,26,0,Out,TRUE,255,126,184,71,8,180,0,1688,1651,1648,1744,TRUE,0,0,0,0,0,0,0,0,0,0,0,0,100,,,,,,,,,,,,,,,,,,,,,,,,
00:00:08.584,128,241,18,52,97,8,8,1,5,161,1,16,161,1,55,255,255,15,110,59,126,71,72,184,180,77,0,255,116,36,255,6,152,6,115,6,112,6,208,255,255,78,78,78,78,255,26,255,255,25,48,0,5,0,255,255,0,
00:00:08.662,60,54,77,308,78,26,0,Out,TRUE,255,130,184,71,5,180,0,1789,1785,1688,1865,TRUE,0,0,0,0,0,0,0,0,0,0,0,0,100,,,,,,,,,,,,,,,,,,,,,,,,
00:00:08.662,1198,128,241,18,52,97,8,8,1,5,161,1,16,161,1,54,255,255,15,46,60,130,71,72,184,180,77,0,255,116,36,255,6,253,6,249,6,152,7,73,255,255,78,78,78,78,255,26,255,255,25,48,0,5,0,255,255,0
00:00:08.737,1260,61,49,77,308,78,26,0,Out,TRUE,255,135,184,71,8,178,0,1945,1813,1899,1828,TRUE,0,0,0,0,0,0,0,0,0,0,0,0,100,,,,,,,,,,,,,,,,,,,,,,,
00:00:08.737,1262,128,241,18,52,97,8,8,1,5,161,1,16,161,1,54,255,255,16,51,61,135,71,72,184,178,77,0,255,116,36,255,7,153,7,21,7,107,7,36,255,255,78,78,78,78,255,26,255,255,25,48,0,5,0,255,255,0
00:00:08.813,1282,62,42,77,308,79,26,0,Out,TRUE,255,142,184,71,5,178,0,1953,1945,1853,2000,TRUE,0,0,0,0,0,0,0,0,0,0,0,0,100,,,,,,,,,,,,,,,,,,,,,,,
00:00:08.813,1291,128,241,18,52,97,8,8,1,5,161,1,16,161,1,54,255,255,16,202,62,142,71,72,184,178,77,0,255,116,36,255,7,161,7,153,7,61,7,208,255,255,79,79,79,79,255,26,255,255,25,48,0,5,0,255,255,0
00:00:08.884,1297,63,46,77,308,79,26,0,Out,TRUE,255,138,184,71,8,180,0,2068,1979,2005,2005,TRUE,0,0,0,0,0,0,0,0,0,0,0,0,100,,,,,,,,,,,,,,,,,,,,,,,
00:00:08.884,1303,128,241,18,52,97,8,8,1,5,161,1,16,161,1,55,255,255,17,215,63,138,71,72,184,180,77,0,255,116,36,255,8,20,7,187,7,213,7,213,255,255,79,79,79,79,255,26,255,255,25,48,0,5,0,255,255,0
00:00:08.960,1306,63,41,83,332,79,26,0,Out,TRUE,255,143,184,71,5,179,0,2013,1994,2031,2032,TRUE,0,0,0,0,0,0,0,0,0,0,0,0,100,,,,,,,,,,,,,,,,,,,,,,,
00:00:08.960,1311,128,241,18,52,97,8,8,1,5,161,1,16,161,1,78,255,255,18,133,63,143,71,72,184,179,83,0,255,116,36,255,7,221,7,202,7,239,7,240,255,255,79,79,79,79,255,26,255,255,25,48,0,5,0,255,255,0
00:00:09.035,1311,64,42,95,380,79,26,0,Out,TRUE,255,142,184,71,8,180,0,2089,2008,2050,2037,TRUE,0,0,0,0,0,0,0,0,0,0,0,0,100,,,,,,,,,,,,,,,,,,,,,,,
00:00:09.035,1321,128,241,18,52,97,8,8,1,5,161,1,16,161,1,126,255,255,19,42,64,142,71,72,184,180,95,0,255,116,36,255,8,41,7,216,8,2,7,245,255,255,79,79,79,79,255,26,255,255,25,48,0,5,0,255,255,0
00:00:09.109,1350,64,38,107,428,80,26,0,Out,TRUE,255,146,184,71,5,180,0,2086,2026,2054,2094,TRUE,0,0,0,0,0,0,0,0,0,0,0,0,100,,,,,,,,,,,,,,,,,,,,,,,
00:00:09.109,1358,128,241,18,52,97,8,8,1,5,161,1,16,161,1,174,255,255,20,92,64,146,71,72,184,180,107,0,255,116,36,255,8,38,7,234,8,6,8,46,255,255,79,80,79,79,255,26,255,255,25,48,0,5,0,255,255,0
00:00:09.187,1368,64,39,134,536,85,26,0,Out,TRUE,255,145,184,71,8,179,0,2054,2026,2043,2030,TRUE,0,0,0,0,0,0,0,0,0,0,0,0,100,,,,,,,,,,,,,,,,,,,,,,,
00:00:09.187,1373,128,241,18,52,97,8,8,1,5,161,1,16,161,2,27,255,255,20,112,64,145,71,72,184,179,134,0,255,116,36,255,8,6,7,234,7,251,7,238,255,255,85,85,84,84,255,26,255,255,25,48,0,5,0,255,255,0
00:00:09.262,1384,65,40,158,632,85,26,0,Out,TRUE,255,144,184,71,5,179,0,2075,2057,2076,2060,TRUE,0,0,0,0,0,0,0,0,0,0,0,0,100,,,,,,,,,,,,,,,,,,,,,,,
00:00:09.262,1388,128,241,18,52,97,8,8,1,5,161,1,16,161,2,121,255,255,22,119,65,144,71,72,184,179,158,0,255,116,36,255,8,27,8,9,8,28,8,12,255,255,93,85,92,89,255,26,255,255,25,48,0,5,0,255,255,0
00:00:09.337,1389,65,42,156,624,99,26,0,Out,TRUE,255,142,184,71,8,180,0,2123,2113,2086,2051,TRUE,0,0,0,0,0,0,0,0,0,0,0,0,100,,,,,,,,,,,,,,,,,,,,,,,
00:00:09.337,1396,128,241,18,52,97,8,8,1,5,161,1,16,161,2,114,255,255,23,203,65,142,71,72,184,180,156,0,255,116,36,255,8,75,8,65,8,38,8,3,255,255,94,99,96,99,255,26,255,255,25,48,0,5,0,255,255,0
00:00:09.412,1398,65,48,153,612,104,26,0,Out,TRUE,255,136,184,71,5,180,0,2171,2117,2148,2142,TRUE,0,0,0,0,0,0,0,0,0,0,0,0,100,,,,,,,,,,,,,,,,,,,,,,,
00:00:09.412,1401,128,241,18,52,97,8,8,1,5,161,1,16,161,2,102,255,255,26,117,65,136,71,72,184,180,153,0,255,116,36,255,8,123,8,69,8,100,8,94,255,255,114,104,111,109,255,26,255,255,25,48,0,5,0,255,255,0
00:00:09.487,1401,65,45,140,560,128,26,0,Out,TRUE,255,139,184,71,8,179,0,2093,2065,2043,2065,TRUE,0,0,0,0,0,0,0,0,0,0,0,0,100,,,,,,,,,,,,,,,,,,,,,,,
00:00:09.487,1410,128,241,18,52,97,8,8,1,5,161,1,16,161,2,50,255,255,28,160,65,139,71,72,184,179,140,0,255,116,36,255,8,45,8,17,7,251,8,17,255,255,127,128,132,131,255,26,255,255,25,48,0,5,0,255,255,0
00:00:09.562,1410,65,47,140,560,140,26,0,Out,TRUE,255,137,184,71,5,180,0,1955,1913,1971,2016,TRUE,0,0,0,0,0,0,0,0,0,0,0,0,100,,,,,,,,,,,,,,,,,,,,,,,
00:00:09.562,1410,128,241,18,52,97,8,8,1,5,161,1,16,161,2,50,255,255,30,171,65,137,71,72,184,180,140,0,255,116,36,255,7,163,7,121,7,179,7,224,255,255,136,140,142,138,255,26,255,255,25,48,0,5,0,255,255,0
00:00:09.639,1411,66,53,140,560,149,26,0,Out,TRUE,255,131,184,71,8,180,0,1742,1716,1749,1737,TRUE,0,0,0,0,0,0,0,0,0,0,0,0,100,,,,,,,,,,,,,,,,,,,,,,,
00:00:09.639,1412,128,241,18,52,97,8,8,1,5,161,1,16,161,2,50,255,255,32,55,66,131,71,72,184,180,140,0,255,116,36,255,6,206,6,180,6,213,6,201,255,255,144,149,149,144,255,26,255,255,25,48,0,5,0,255,255,0
00:00:09.715,1412,65,53,128,512,152,26,0,Out,TRUE,255,131,184,71,5,181,0,1688,1669,1628,1661,TRUE,0,0,0,0,0,0,0,0,0,0,0,0,100,,,,,,,,,,,,,,,,,,,,,,,
00:00:09.715,1412,128,241,18,52,97,8,8,1,5,161,1,16,161,2,2,255,255,33,117,65,131,71,72,184,181,128,0,255,116,36,255,6,152,6,133,6,92,6,125,255,255,147,152,154,147,255,26,255,255,25,48,0,5,0,255,255,0
00:00:09.789,1414,65,54,119,476,154,26,0,Out,TRUE,255,130,184,71,8,180,0,1626,1600,1613,1619,TRUE,0,0,0,0,0,0,0,0,0,0,0,0,100,,,,,,,,,,,,,,,,,,,,,,,
00:00:09.789,1415,128,241,18,52,97,8,8,1,5,161,1,16,161,1,222,255,255,34,135,65,130,71,72,184,180,119,0,255,116,36,255,6,90,6,64,6,77,6,83,255,255,148,154,155,149,255,26,255,255,25,48,0,5,0,255,255,0
00:00:09.864,1416,66,57,119,476,158,26,0,Out,TRUE,255,127,184,71,5,180,0,1628,1613,1610,1613,TRUE,0,0,0,0,0,0,0,0,0,0,0,0,100,,,,,,,,,,,,,,,,,,,,,,,
00:00:09.864,1417,128,241,18,52,97,8,8,1,5,161,1,16,161,1,222,255,255,35,118,66,127,71,72,184,180,119,0,255,116,36,255,6,92,6,77,6,74,6,77,255,255,154,158,159,153,255,26,255,255,25,48,0,5,0,255,255,0
00:00:09.939,1417,65,61,119,476,161,26,0,Out,TRUE,255,123,184,71,8,181,0,1591,1585,1562,1575,TRUE,0,0,0,0,0,0,0,0,0,0,0,0,100,,,,,,,,,,,,,,,,,,,,,,,
00:00:09.939,1419,128,241,18,52,97,8,8,1,5,161,1,16,161,1,222,255,255,36,147,65,123,71,72,184,181,119,0,255,116,36,255,6,55,6,49,6,26,6,39,255,255,157,161,162,156,255,26,255,255,25,48,0,5,0,255,255,0
00:00:10.015,1419,66,65,119,476,170,26,0,Out,TRUE,255,119,184,71,5,182,0,1567,1547,1559,1557,TRUE,0,0,0,0,0,0,0,0,0,0,0,0,100,,,,,,,,,,,,,,,,,,,,,,,
00:00:10.015,1420,128,241,18,52,97,8,8,1,5,161,1,16,161,1,223,255,255,38,0,66,119,71,72,184,182,119,0,255,116,36,255,6,31,6,11,6,23,6,21,255,255,161,170,172,159,255,26,255,255,25,48,0,5,0,255,255,0
00:00:10.091,1422,66,67,119,476,183,29,0,Out,TRUE,255,117,184,71,8,181,0,1563,1563,1555,1561,TRUE,0,0,0,0,0,0,0,0,0,0,0,0,100,,,,,,,,,,,,,,,,,,,,,,,
00:00:10.091,1422,128,241,18,52,97,8,8,1,5,161,1,16,161,1,222,255,255,40,35,66,117,71,72,184,181,119,0,255,116,36,255,6,27,6,27,6,19,6,25,255,255,172,183,181,170,255,29,255,255,25,48,0,5,0,255,255,0
00:00:10.164,1423,66,70,107,428,183,29,0,Out,TRUE,255,114,184,71,5,180,0,1541,1519,1534,1538,TRUE,0,0,0,0,0,0,0,0,0,0,0,0,100,,,,,,,,,,,,,,,,,,,,,,,
00:00:10.164,1424,128,241,18,52,97,8,8,1,5,161,1,16,161,1,174,255,255,41,123,66,114,71,72,184,180,107,0,255,116,36,255,6,5,5,239,5,254,6,2,255,255,178,183,185,181,255,29,255,255,25,48,0,5,0,255,255,0
00:00:10.239,1426,66,71,105,420,187,32,0,Out,TRUE,255,114,185,71,8,180,0,1456,1441,1434,1455,TRUE,0,0,0,0,0,0,0,0,0,0,0,0,100,,,,,,,,,,,,,,,,,,,,,,,
00:00:10.239,1426,128,241,18,52,97,8,8,1,5,161,1,16,161,1,166,255,255,42,104,66,114,71,72,185,180,105,0,255,116,36,255,5,176,5,161,5,154,5,175,255,255,185,187,190,181,255,32,255,255,25,48,0,5,0,255,255,0
00:00:10.315,1426,66,68,75,300,188,32,0,Out,TRUE,255,116,184,71,5,181,0,1419,1415,1381,1402,TRUE,0,0,0,0,0,0,0,0,0,0,0,0,100,,,,,,,,,,,,,,,,,,,,,,,
00:00:10.315,1429,128,241,18,52,97,8,8,1,5,161,1,16,161,1,47,255,255,42,160,66,116,71,72,184,181,75,0,255,116,36,255,5,139,5,135,5,101,5,122,255,255,187,188,192,187,255,32,255,255,25,48,0,5,0,255,255,0
00:00:10.389,1431,58,93,68,272,181,32,0,Out,TRUE,255,91,184,71,8,180,0,1205,1091,971,1020,TRUE,0,0,0,0,0,0,0,0,0,0,0,0,100,,,,,,,,,,,,,,,,,,,,,,,
00:00:10.389,1433,128,241,18,52,97,8,8,1,5,161,1,16,161,1,19,255,255,41,138,58,91,71,72,184,180,68,0,255,116,36,255,4,181,4,67,3,203,3,252,255,255,154,181,196,199,255,32,255,255,25,48,0,5,0,255,255,0
00:00:10.464,1434,58,95,68,272,159,32,0,Out,TRUE,255,89,184,71,5,181,0,810,817,814,855,TRUE,0,0,0,0,0,0,0,0,0,0,0,0,100,,,,,,,,,,,,,,,,,,,,,,,
00:00:10.464,1435,128,241,18,52,97,8,8,1,5,161,1,16,161,1,19,255,255,35,9,58,89,71,72,184,181,68,0,255,116,36,255,3,42,3,49,3,46,3,87,255,255,133,159,144,152,255,32,255,255,25,48,0,5,0,255,255,0
00:00:10.539,1435,58,84,68,272,85,26,0,Out,TRUE,255,100,184,71,8,181,0,953,950,953,946,TRUE,0,0,0,0,0,0,0,0,0,0,0,0,100,,,,,,,,,,,,,,,,,,,,,,,
00:00:10.539,1435,128,241,18,52,97,8,8,1,5,161,1,16,161,1,19,255,255,27,77,58,100,71,72,184,181,68,0,255,116,36,255,3,185,3,182,3,185,3,178,255,255,92,85,70,78,255,26,255,255,25,48,0,5,0,255,255,0
00:00:10.614,1435,58,77,70,280,77,26,0,Out,TRUE,255,107,184,71,5,181,0,1037,1048,1014,1009,TRUE,0,0,0,0,0,0,0,0,0,0,0,0,100,,,,,,,,,,,,,,,,,,,,,,,
00:00:10.614,1437,128,241,18,52,97,8,8,1,5,161,1,16,161,1,27,255,255,20,163,58,107,71,72,184,181,70,0,255,116,36,255,4,13,4,24,3,246,3,241,255,255,77,77,77,77,255,26,255,255,25,48,0,5,0,255,255,0
00:00:10.690,1439,58,58,72,288,76,26,0,Out,TRUE,255,126,184,72,8,181,0,1236,1276,1157,1114,TRUE,0,0,0,0,0,0,0,0,0,0,0,0,100,,,,,,,,,,,,,,,,,,,,,,,
00:00:10.690,1440,128,241,18,52,97,8,8,1,5,161,1,16,161,1,35,255,255,16,1,58,126,72,72,184,181,72,0,255,115,36,255,4,212,4,252,4,133,4,90,255,255,76,76,76,76,255,26,255,255,25,48,0,5,0,255,255,0
00:00:10.764,1440,57,65,75,300,77,26,0,Out,TRUE,255,119,184,72,5,181,0,1325,1276,1308,1315,TRUE,0,0,0,0,0,0,0,0,0,0,0,0,100,,,,,,,,,,,,,,,,,,,,,,,
00:00:10.764,1443,128,241,18,52,97,8,8,1,5,161,1,16,161,1,47,255,255,16,128,57,119,72,72,184,181,75,0,255,115,36,255,5,45,4,252,5,28,5,35,255,255,77,77,77,77,255,26,255,255,25,48,0,5,0,255,255,0
00:00:10.839,1444,58,58,95,380,77,26,0,Out,TRUE,255,126,184,72,8,180,0,1471,1333,1433,1374,TRUE,0,0,0,0,0,0,0,0,0,0,0,0,100,,,,,,,,,,,,,,,,,,,,,,,
00:00:10.839,1444,128,241,18,52,97,8,8,1,5,161,1,16,161,1,127,255,255,12,8,58,126,72,72,184,180,95,0,255,115,36,255,5,191,5,53,5,153,5,94,255,255,76,77,77,77,255,26,255,255,25,48,0,5,0,255,255,0
00:00:10.914,1444,57,67,93,372,76,26,0,Out,TRUE,255,117,184,72,5,178,0,1482,1596,1479,1617,TRUE,0,0,0,0,0,0,0,0,0,0,0,0,100,,,,,,,,,,,,,,,,,,,,,,,
00:00:10.914,1445,128,241,18,52,97,8,8,1,5,161,1,16,161,1,119,255,255,15,103,57,117,72,72,184,178,93,0,255,115,36,255,5,202,6,60,5,199,6,81,255,255,75,76,75,75,255,26,255,255,25,48,0,5,0,255,255,0
00:00:10.990,1445,58,65,110,440,75,26,0,Out,TRUE,255,119,184,72,8,179,0,1512,1368,1411,1397,TRUE,0,0,0,0,0,0,0,0,0,0,0,0,100,,,,,,,,,,,,,,,,,,,,,,,
00:00:10.990,1446,128,241,18,52,97,8,8,1,5,161,1,16,161,1,186,255,255,13,162,58,119,72,72,184,179,110,0,255,115,36,255,5,232,5,88,5,131,5,117,255,255,76,75,76,76,255,26,255,255,25,48,0,5,0,255,255,0
00:00:11.064,1446,72,25,94,376,76,26,0,Out,TRUE,255,159,184,72,5,179,0,1469,1615,1411,1882,TRUE,0,0,0,0,0,0,0,0,0,0,0,0,100,,,,,,,,,,,,,,,,,,,,,,,
00:00:11.064,1446,128,241,18,52,97,8,8,1,5,161,1,16,161,1,123,255,255,12,224,72,159,72,72,184,179,94,0,255,115,36,255,5,189,6,79,5,131,7,90,255,255,76,76,75,75,255,26,255,255,25,48,0,5,0,255,255,0
00:00:11.139,1448,106,6,72,288,77,26,0,Out,TRUE,255,178,184,72,8,179,0,4454,4699,4471,4491,TRUE,0,0,0,0,0,0,0,0,0,0,0,0,100,,,,,,,,,,,,,,,,,,,,,,,
00:00:11.139,1448,128,241,18,52,97,8,8,1,5,161,1,16,161,1,35,255,255,24,165,106,178,72,72,184,179,72,0,255,115,36,255,17,102,18,91,17,119,17,139,255,255,105,77,100,88,255,26,255,255,25,48,0,5,0,255,255,0
00:00:11.217,1449,59,15,86,344,161,39,0,Out,TRUE,255,169,184,72,5,179,0,2014,4634,3707,4674,TRUE,0,0,0,0,0,0,0,0,0,0,0,0,100,,,,,,,,,,,,,,,,,,,,,,,
00:00:11.217,1449,128,241,18,52,97,8,8,1,5,161,1,16,161,1,91,255,255,38,103,59,169,72,72,184,179,86,0,255,115,36,255,7,222,18,26,14,123,18,66,255,255,152,161,114,111,255,39,255,255,25,48,0,5,0,255,255,0
00:00:11.292,1450,57,93,167,668,155,32,0,Out,TRUE,255,91,184,72,8,181,0,452,461,485,513,TRUE,0,0,0,0,0,0,0,0,0,0,0,0,100,,,,,,,,,,,,,,,,,,,,,,,
00:00:11.292,1452,128,241,18,52,97,8,8,1,5,161,1,16,161,2,157,255,255,35,14,57,91,72,72,184,181,167,0,255,115,36,255,1,196,1,205,1,229,2,1,255,255,161,155,167,149,255,32,255,255,25,48,0,5,0,255,255,0
00:00:11.366,1452,58,88,160,640,81,29,0,Out,TRUE,255,96,184,72,5,181,0,799,835,776,865,TRUE,0,0,0,0,0,0,0,0,0,0,0,0,100,,,,,,,,,,,,,,,,,,,,,,,
00:00:11.366,1453,128,241,18,52,97,8,8,1,5,161,1,16,161,2,130,255,255,27,100,58,96,72,72,184,181,160,0,255,115,36,255,3,31,3,67,3,8,3,97,255,255,88,81,95,74,255,29,255,255,25,48,0,5,0,255,255,0
00:00:11.441,1453,58,80,160,640,76,29,0,Out,TRUE,255,104,184,72,8,179,0,938,966,1003,998,TRUE,0,0,0,0,0,0,0,0,0,0,0,0,100,,,,,,,,,,,,,,,,,,,,,,,
00:00:11.441,1454,128,241,18,52,97,8,8,1,5,161,1,16,161,2,130,255,255,22,89,58,104,72,72,184,179,160,0,255,115,36,255,3,170,3,198,3,235,3,230,255,255,76,76,76,76,255,29,255,255,25,48,0,5,0,255,255,0
00:00:11.519,1456,58,72,160,640,76,29,0,Out,TRUE,255,112,184,72,5,179,0,1193,1063,1132,1099,TRUE,0,0,0,0,0,0,0,0,0,0,0,0,100,,,,,,,,,,,,,,,,,,,,,,,
00:00:11.519,1456,128,241,18,52,97,8,8,1,5,161,1,16,161,2,129,255,255,18,118,58,112,72,72,184,179,160,0,255,115,36,255,4,169,4,39,4,108,4,75,255,255,76,76,76,76,255,29,255,255,25,48,0,5,0,255,255,0
00:00:11.594,1456,58,64,181,724,76,29,0,Out,TRUE,255,120,184,72,8,180,0,1314,1212,1290,1276,TRUE,0,0,0,0,0,0,0,0,0,0,0,0,100,,,,,,,,,,,,,,,,,,,,,,,
00:00:11.594,1457,128,241,18,52,97,8,8,1,5,161,1,16,161,2,214,255,255,14,234,58,120,72,72,184,180,181,0,255,115,36,255,5,34,4,188,5,10,4,252,255,255,76,76,76,76,255,29,255,255,25,48,0,5,0,255,255,0
00:00:11.668,1458,58,62,170,680,76,29,0,Out,TRUE,255,122,184,72,5,178,0,1368,1334,1345,1371,TRUE,0,0,0,0,0,0,0,0,0,0,0,0,100,,,,,,,,,,,,,,,,,,,,,,,
00:00:11.668,1458,128,241,18,52,97,8,8,1,5,161,1,16,161,2,170,255,255,13,188,58,122,72,72,184,178,170,0,255,115,36,255,5,88,5,54,5,65,5,91,255,255,76,76,76,76,255,29,255,255,25,48,0,5,0,255,255,0
00:00:11.744,1458,58,60,170,680,76,29,0,Out,TRUE,255,124,184,72,8,178,0,1368,1495,1587,1534,TRUE,0,0,0,0,0,0,0,0,0,0,0,0,100,,,,,,,,,,,,,,,,,,,,,,,
00:00:11.744,1459,128,241,18,52,97,8,8,1,5,161,1,16,161,2,169,255,255,13,7,58,124,72,72,184,178,170,0,255,115,36,255,5,88,5,215,6,51,5,254,255,255,76,76,75,75,255,29,255,255,25,48,0,5,0,255,255,0
00:00:11.819,1460,58,63,165,660,75,29,0,Out,TRUE,255,121,184,72,5,179,0,1576,1478,1447,1464,TRUE,0,0,0,0,0,0,0,0,0,0,0,0,100,,,,,,,,,,,,,,,,,,,,,,,
00:00:11.819,1461,128,241,18,52,97,8,8,1,5,161,1,16,161,2,150,255,255,15,55,58,121,72,72,184,179,165,0,255,115,36,255,6,40,5,198,5,167,5,184,255,255,75,75,75,75,255,29,255,255,25,48,0,5,0,255,255,0
00:00:11.894,1465,69,29,131,524,76,29,0,Out,TRUE,255,155,184,72,8,180,0,1483,1507,1414,1719,TRUE,0,0,0,0,0,0,0,0,0,0,0,0,100,,,,,,,,,,,,,,,,,,,,,,,
00:00:11.894,1467,128,241,18,52,97,8,8,1,5,161,1,16,161,2,15,255,255,13,43,69,155,72,72,184,180,131,0,255,115,36,255,5,203,5,227,5,134,6,183,255,255,76,76,75,75,255,29,255,255,25,48,0,5,0,255,255,0
00:00:11.968,1468,90,6,85,340,74,29,0,Out,TRUE,255,178,184,72,5,178,0,3843,4031,3637,3879,TRUE,0,0,0,0,0,0,0,0,0,0,0,0,100,,,,,,,,,,,,,,,,,,,,,,,
00:00:11.968,1470,128,241,18,52,97,8,8,1,5,161,1,16,161,1,87,255,255,22,26,90,178,72,72,184,178,85,0,255,115,36,255,15,3,15,191,14,53,15,39,255,255,75,74,88,80,255,29,255,255,25,48,0,5,0,255,255,0
00:00:12.041,1471,92,8,67,268,108,29,0,Out,TRUE,255,176,184,72,8,179,0,3441,3407,3464,3513,TRUE,0,0,0,0,0,0,0,0,0,0,0,0,100,,,,,,,,,,,,,,,,,,,,,,,
00:00:12.041,1476,128,241,18,52,97,8,8,1,5,161,1,16,161,1,15,255,255,30,193,92,176,72,72,184,179,67,0,255,115,36,255,13,113,13,79,13,136,13,185,255,255,107,108,106,110,255,29,255,255,25,48,0,5,0,255,255,0
00:00:12.116,1476,58,86,112,448,138,32,0,Out,TRUE,255,98,184,72,5,180,0,641,583,1328,486,TRUE,0,0,0,0,0,0,0,0,0,0,0,0,100,,,,,,,,,,,,,,,,,,,,,,,
00:00:12.116,1476,128,241,18,52,97,8,8,1,5,161,1,16,161,1,194,255,255,34,65,58,98,72,72,184,180,112,0,255,115,36,255,2,129,2,71,5,48,1,230,255,255,142,138,126,133,255,32,255,255,25,48,0,5,0,255,255,0
00:00:12.192,1477,57,85,118,472,77,29,0,Out,TRUE,255,99,184,72,8,179,0,701,742,648,796,TRUE,0,0,0,0,0,0,0,0,0,0,0,0,100,,,,,,,,,,,,,,,,,,,,,,,
00:00:12.192,1477,128,241,18,52,97,8,8,1,5,161,1,16,161,1,218,255,255,26,222,57,99,72,72,184,179,118,0,255,115,36,255,2,189,2,230,2,136,3,28,255,255,84,77,91,70,255,29,255,255,25,48,0,5,0,255,255,0
00:00:12.266,1478,58,80,122,488,76,29,0,Out,TRUE,255,105,185,72,5,181,0,1022,905,1003,992,TRUE,0,0,0,0,0,0,0,0,0,0,0,0,100,,,,,,,,,,,,,,,,,,,,,,,
00:00:12.266,1478,128,241,18,52,97,8,8,1,5,161,1,16,161,1,234,255,255,20,225,58,105,72,72,185,181,122,0,255,115,36,255,3,254,3,137,3,235,3,224,255,255,76,76,76,76,255,29,255,255,25,48,0,5,0,255,255,0
00:00:12.341,1479,58,70,160,640,76,29,0,Out,TRUE,255,114,184,72,8,180,0,1226,1063,1153,1108,TRUE,0,0,0,0,0,0,0,0,0,0,0,0,100,,,,,,,,,,,,,,,,,,,,,,,
00:00:12.341,1479,128,241,18,52,97,8,8,1,5,161,1,16,161,2,130,255,255,17,0,58,114,72,72,184,180,160,0,255,115,36,255,4,202,4,39,4,129,4,84,255,255,76,76,76,76,255,29,255,255,25,48,0,5,0,255,255,0
00:00:12.419,1481,57,69,153,612,76,29,0,Out,TRUE,255,116,185,72,5,180,0,1320,1227,1292,1269,TRUE,0,0,0,0,0,0,0,0,0,0,0,0,100,,,,,,,,,,,,,,,,,,,,,,,
00:00:12.419,1482,128,241,18,52,97,8,8,1,5,161,1,16,161,2,102,255,255,16,51,57,116,72,72,185,180,153,0,255,115,36,255,5,40,4,203,5,12,4,245,255,255,76,76,76,76,255,29,255,255,25,48,0,5,0,255,255,0
00:00:12.494,1482,57,68,167,668,76,29,0,Out,TRUE,255,117,185,72,8,180,0,1394,1326,1346,1333,TRUE,0,0,0,0,0,0,0,0,0,0,0,0,100,,,,,,,,,,,,,,,,,,,,,,,
00:00:12.494,1483,128,241,18,52,97,8,8,1,5,161,1,16,161,2,157,255,255,14,71,57,117,72,72,185,180,167,0,255,115,36,255,5,114,5,46,5,66,5,53,255,255,76,76,76,76,255,29,255,255,25,48,0,5,0,255,255,0
00:00:12.569,1484,58,66,167,668,76,29,0,Out,TRUE,255,118,184,72,5,181,0,1473,1363,1399,1436,TRUE,0,0,0,0,0,0,0,0,0,0,0,0,100,,,,,,,,,,,,,,,,,,,,,,,
00:00:12.569,1485,128,241,18,52,97,8,8,1,5,161,1,16,161,2,158,255,255,14,63,58,118,72,72,184,181,167,0,255,115,36,255,5,193,5,83,5,119,5,156,255,255,76,76,76,76,255,29,255,255,25,48,0,5,0,255,255,0
00:00:12.643,1486,58,57,167,668,76,29,0,Out,TRUE,255,127,184,72,8,179,0,1416,1476,1399,1538,TRUE,0,0,0,0,0,0,0,0,0,0,0,0,100,,,,,,,,,,,,,,,,,,,,,,,
00:00:12.643,1487,128,241,18,52,97,8,8,1,5,161,1,16,161,2,157,255,255,13,67,58,127,72,72,184,179,167,0,255,115,36,255,5,136,5,196,5,119,6,2,255,255,76,76,75,76,255,29,255,255,25,48,0,5,0,255,255,0
00:00:12.719,1487,57,60,110,440,75,29,0,Out,TRUE,255,124,184,72,5,179,0,1557,1508,1570,1487,TRUE,0,0,0,0,0,0,0,0,0,0,0,0,100,,,,,,,,,,,,,,,,,,,,,,,
00:00:12.719,1487,128,241,18,52,97,8,8,1,5,161,1,16,161,1,185,255,255,14,141,57,124,72,72,184,179,110,0,255,115,37,255,6,21,5,228,6,34,5,207,255,255,75,75,75,75,255,29,255,255,25,48,0,5,0,255,255,0
00:00:12.794,1489,57,64,95,380,75,29,0,Out,TRUE,255,121,185,72,8,178,0,1482,1457,1435,1530,TRUE,0,0,0,0,0,0,0,0,0,0,0,0,100,,,,,,,,,,,,,,,,,,,,,,,
00:00:12.794,1489,128,241,18,52,97,8,8,1,5,161,1,16,161,1,126,255,255,14,6,57,121,72,72,185,178,95,0,255,115,37,255,5,202,5,177,5,155,5,250,255,255,75,75,75,75,255,29,255,255,25,48,0,5,0,255,255,0
00:00:12.869,1489,58,60,79,316,75,29,0,Out,TRUE,255,124,184,72,5,178,0,1541,1532,1509,1651,TRUE,0,0,0,0,0,0,0,0,0,0,0,0,100,,,,,,,,,,,,,,,,,,,,,,,
00:00:12.869,1489,128,241,18,52,97,8,8,1,5,161,1,16,161,1,63,255,255,13,242,58,124,72,72,184,178,79,0,255,115,37,255,6,5,5,252,5,229,6,115,255,255,75,75,75,75,255,29,255,255,25,48,0,5,0,255,255,0
00:00:12.943,1491,58,61,66,264,75,29,0,Out,TRUE,255,123,184,72,8,179,0,1539,1532,1526,1568,TRUE,0,0,0,0,0,0,0,0,0,0,0,0,100,,,,,,,,,,,,,,,,,,,,,,,
00:00:12.943,1491,128,241,18,52,97,8,8,1,5,161,1,16,161,1,11,255,255,14,238,58,123,72,72,184,179,66,0,255,115,37,255,6,3,5,252,5,246,6,32,255,255,75,75,75,75,255,29,255,255,25,48,0,5,0,255,255,0
00:00:13.019,1493,58,58,60,240,76,29,0,Out,TRUE,255,126,184,73,5,178,0,1547,1467,1487,1501,TRUE,0,0,0,0,0,0,0,0,0,0,0,0,100,,,,,,,,,,,,,,,,,,,,,,,
00:00:13.019,1493,128,241,18,52,97,8,8,1,5,161,1,16,161,0,243,255,255,14,83,58,126,73,72,184,178,60,0,255,115,37,255,6,11,5,187,5,207,5,221,255,255,76,76,75,75,255,29,255,255,25,48,0,5,0,255,255,0
00:00:13.094,1494,58,58,55,220,76,29,0,Out,TRUE,255,126,184,72,8,180,0,1555,1542,1538,1579,TRUE,0,0,0,0,0,0,0,0,0,0,0,0,100,,,,,,,,,,,,,,,,,,,,,,,
00:00:13.094,1494,128,241,18,52,97,8,8,1,5,161,1,16,161,0,220,255,255,15,95,58,126,72,72,184,180,55,0,255,115,36,255,6,19,6,6,6,2,6,43,255,255,75,76,75,76,255,29,255,255,25,48,0,5,0,255,255,0
00:00:13.169,1494,59,58,56,224,76,29,0,Out,TRUE,255,126,184,72,5,179,0,1564,1481,1524,1510,TRUE,0,0,0,0,0,0,0,0,0,0,0,0,100,,,,,,,,,,,,,,,,,,,,,,,
00:00:13.169,1496,128,241,18,52,97,8,8,1,5,161,1,16,161,0,227,255,255,15,29,59,126,72,72,184,179,56,0,255,115,36,255,6,28,5,201,5,244,5,230,255,255,76,76,76,76,255,29,255,255,25,48,0,5,0,255,255,0
00:00:13.248,1496,60,55,57,228,76,29,0,Out,TRUE,255,129,184,73,8,180,0,1647,1651,1578,1589,TRUE,0,0,0,0,0,0,0,0,0,0,0,0,100,,,,,,,,,,,,,,,,,,,,,,,
00:00:13.248,1497,128,241,18,52,97,8,8,1,5,161,1,16,161,0,228,255,255,15,164,60,129,73,72,184,180,57,0,255,115,36,255,6,111,6,115,6,42,6,53,255,255,76,76,75,75,255,29,255,255,25,48,0,5,0,255,255,0
00:00:13.321,1500,60,53,58,232,75,29,0,Out,TRUE,255,131,184,73,5,178,0,1762,1619,1687,1659,TRUE,0,0,0,0,0,0,0,0,0,0,0,0,100,,,,,,,,,,,,,,,,,,,,,,,
00:00:13.321,1500,128,241,18,52,97,8,8,1,5,161,1,16,161,0,232,255,255,15,232,60,131,73,72,184,178,58,0,255,115,36,255,6,226,6,83,6,151,6,123,255,255,75,75,76,76,255,29,255,255,25,48,0,5,0,255,255,0
00:00:13.396,1501,61,49,58,232,75,29,0,Out,TRUE,255,136,185,73,8,180,0,1777,1698,1736,1752,TRUE,0,0,0,0,0,0,0,0,0,0,0,0,100,,,,,,,,,,,,,,,,,,,,,,,
00:00:13.396,1501,128,241,18,52,97,8,8,1,5,161,1,16,161,0,235,255,255,16,251,61,136,73,72,185,180,58,0,255,115,36,255,6,241,6,162,6,200,6,216,255,255,75,75,76,76,255,29,255,255,25,48,0,5,0,255,255,0
00:00:13.471,1503,61,48,68,272,75,29,0,Out,TRUE,255,136,184,73,5,178,0,1793,1744,1733,1737,TRUE,0,0,0,0,0,0,0,0,0,0,0,0,100,,,,,,,,,,,,,,,,,,,,,,,
00:00:13.471,1505,128,241,18,52,97,8,8,1,5,161,1,16,161,1,19,255,255,17,68,61,136,73,72,184,178,68,0,255,115,36,255,7,1,6,208,6,197,6,201,255,255,75,75,75,75,255,29,255,255,25,48,0,5,0,255,255,0
00:00:13.546,1508,61,50,69,276,75,29,0,Out,TRUE,255,134,184,73,8,180,0,1812,1741,1784,1793,TRUE,0,0,0,0,0,0,0,0,0,0,0,0,100,,,,,,,,,,,,,,,,,,,,,,,
00:00:13.546,1508,128,241,18,52,97,8,8,1,5,161,1,16,161,1,22,255,255,18,108,61,134,73,72,184,180,69,0,255,115,36,255,7,20,6,205,6,248,7,1,255,255,75,75,75,75,255,29,255,255,25,48,0,5,0,255,255,0
00:00:13.621,1512,61,41,87,348,75,29,0,Out,TRUE,255,143,184,73,5,181,0,1772,1749,1732,1766,TRUE,0,0,0,0,0,0,0,0,0,0,0,0,100,,,,,,,,,,,,,,,,,,,,,,,
00:00:13.621,1512,128,241,18,52,97,8,8,1,5,161,1,16,161,1,94,255,255,18,111,61,143,73,72,184,181,87,0,255,115,36,255,6,236,6,213,6,196,6,230,255,255,75,75,75,75,255,29,255,255,25,48,0,5,0,255,255,0
00:00:13.696,1514,62,47,93,372,75,29,0,Out,TRUE,255,137,184,73,8,180,0,1757,1729,1745,1759,TRUE,0,0,0,0,0,0,0,0,0,0,0,0,100,,,,,,,,,,,,,,,,,,,,,,,
00:00:13.696,1515,128,241,18,52,97,8,8,1,5,161,1,16,161,1,118,255,255,18,198,62,137,73,72,184,180,93,0,255,115,36,255,6,221,6,193,6,209,6,223,255,255,75,75,75,75,255,29,255,255,25,48,0,5,0,255,255,0
00:00:13.771,1516,62,44,100,400,75,29,0,Out,TRUE,255,140,184,73,5,180,0,1777,1747,1749,1762,TRUE,0,0,0,0,0,0,0,0,0,0,0,0,100,,,,,,,,,,,,,,,,,,,,,,,
00:00:13.771,1516,128,241,18,52,97,8,8,1,5,161,1,16,161,1,146,255,255,19,66,62,140,73,72,184,180,100,0,255,115,36,255,6,241,6,211,6,213,6,226,255,255,75,75,75,75,255,29,255,255,25,48,0,5,0,255,255,0
00:00:13.847,1523,62,50,106,424,75,29,0,Out,TRUE,255,134,184,73,8,180,0,1800,1779,1774,1772,TRUE,0,0,0,0,0,0,0,0,0,0,0,0,100,,,,,,,,,,,,,,,,,,,,,,,
00:00:13.847,1525,128,241,18,52,97,8,8,1,5,161,1,16,161,1,170,255,255,19,158,62,134,73,72,184,180,106,0,255,115,36,255,7,8,6,243,6,238,6,236,255,255,75,75,75,75,255,29,255,255,25,48,0,5,0,255,255,0
00:00:13.918,1525,62,47,110,440,75,29,0,Out,TRUE,255,137,184,73,5,180,0,1792,1752,1744,1764,TRUE,0,0,0,0,0,0,0,0,0,0,0,0,100,,,,,,,,,,,,,,,,,,,,,,,
00:00:13.918,1530,128,241,18,52,97,8,8,1,5,161,1,16,161,1,186,255,255,18,236,62,137,73,72,184,180,110,0,255,115,36,255,7,0,6,216,6,208,6,228,255,255,75,75,75,75,255,29,255,255,25,48,0,5,0,255,255,0
00:00:13.994,1531,62,49,122,488,75,29,0,Out,TRUE,255,136,185,73,8,181,0,1767,1718,1765,1779,TRUE,0,0,0,0,0,0,0,0,0,0,0,0,100,,,,,,,,,,,,,,,,,,,,,,,
00:00:13.994,1534,128,241,18,52,97,8,8,1,5,161,1,16,161,1,234,255,255,19,154,62,136,73,72,185,181,122,0,255,115,36,255,6,231,6,182,6,229,6,243,255,255,75,75,75,75,255,29,255,255,25,48,0,5,0,255,255,0
00:00:14.069,1537,62,48,125,500,75,29,0,Out,TRUE,255,136,184,73,5,182,0,1774,1757,1769,1779,TRUE,0,0,0,0,0,0,0,0,0,0,0,0,100,,,,,,,,,,,,,,,,,,,,,,,
00:00:14.069,1539,128,241,18,52,97,8,8,1,5,161,1,16,161,1,246,255,255,19,92,62,136,73,72,184,182,125,0,255,115,36,255,6,238,6,221,6,233,6,243,255,255,75,75,75,75,255,29,255,255,25,48,0,5,0,255,255,0
00:00:14.143,1539,62,50,122,488,75,29,0,Out,TRUE,255,135,185,73,8,181,0,1785,1752,1755,1770,TRUE,0,0,0,0,0,0,0,0,0,0,0,0,100,,,,,,,,,,,,,,,,,,,,,,,
00:00:14.143,1540,128,241,18,52,97,8,8,1,5,161,1,16,161,1,234,255,255,19,189,62,135,73,72,185,181,122,0,255,115,36,255,6,249,6,216,6,219,6,234,255,255,75,75,75,75,255,29,255,255,25,48,0,5,0,255,255,0
00:00:14.221,1548,62,50,122,488,75,29,0,Out,TRUE,255,134,184,73,5,180,0,1767,1737,1740,1748,TRUE,0,0,0,0,0,0,0,0,0,0,0,0,100,,,,,,,,,,,,,,,,,,,,,,,
00:00:14.221,1548,128,241,18,52,97,8,8,1,5,161,1,16,161,1,234,255,255,19,171,62,134,73,72,184,180,122,0,255,115,36,255,6,231,6,201,6,204,6,212,255,255,75,75,75,75,255,29,255,255,25,48,0,5,0,255,255,0
00:00:14.298,1558,62,42,122,488,75,29,0,Out,TRUE,255,142,184,73,8,182,0,1772,1733,1750,1774,TRUE,0,0,0,0,0,0,0,0,0,0,0,0,100,,,,,,,,,,,,,,,,,,,,,,,
00:00:14.298,1584,128,241,18,52,97,8,8,1,5,161,1,16,161,1,234,255,255,19,198,62,142,73,72,184,182,122,0,255,115,36,255,6,236,6,197,6,214,6,238,255,255,75,75,75,75,255,29,255,255,25,48,0,5,0,255,255,0
00:00:14.374,1594,62,49,122,488,75,29,0,Out,TRUE,255,135,184,73,5,180,0,1755,1713,1725,1753,TRUE,0,0,0,0,0,0,0,0,0,0,0,0,100,,,,,,,,,,,,,,,,,,,,,,,
00:00:14.374,1613,128,241,18,52,97,8,8,1,5,161,1,16,161,1,233,255,255,20,33,62,135,73,72,184,180,122,0,255,115,36,255,6,219,6,177,6,189,6,217,255,255,75,75,75,75,255,29,255,255,25,48,0,5,0,255,255,0
00:00:14.449,1613,62,51,122,488,75,29,0,Out,TRUE,255,134,185,73,8,180,0,1777,1730,1730,1755,TRUE,0,0,0,0,0,0,0,0,0,0,0,0,100,,,,,,,,,,,,,,,,,,,,,,,
00:00:14.449,1643,128,241,18,52,97,8,8,1,5,161,1,16,161,1,235,255,255,20,79,62,134,73,72,185,180,122,0,255,115,36,255,6,241,6,194,6,194,6,219,255,255,75,75,75,75,255,29,255,255,25,48,0,5,0,255,255,0
00:00:14.523,1672,62,50,118,472,75,29,0,Out,TRUE,255,134,184,73,5,182,0,1733,1723,1711,1740,TRUE,0,0,0,0,0,0,0,0,0,0,0,0,100,,,,,,,,,,,,,,,,,,,,,,,
00:00:14.523,1691,128,241,18,52,97,8,8,1,5,161,1,16,161,1,218,255,255,20,24,62,134,73,72,184,182,118,0,255,115,36,255,6,197,6,187,6,175,6,204,255,255,75,75,75,75,255,29,255,255,25,48,0,5,0,255,255,0
00:00:14.598,1693,62,41,116,464,75,29,0,Out,TRUE,255,143,184,73,8,181,0,1765,1725,1743,1748,TRUE,0,0,0,0,0,0,0,0,0,0,0,0,100,,,,,,,,,,,,,,,,,,,,,,,
00:00:14.598,1719,128,241,18,52,97,8,8,1,5,161,1,16,161,1,210,255,255,20,10,62,143,73,72,184,181,116,0,255,115,36,255,6,229,6,189,6,207,6,212,255,255,75,75,75,75,255,29,255,255,25,48,0,5,0,255,255,0
00:00:14.674,1776,62,46,116,464,75,29,0,Out,TRUE,255,138,184,73,5,180,0,1748,1733,1716,1772,TRUE,0,0,0,0,0,0,0,0,0,0,0,0,100,,,,,,,,,,,,,,,,,,,,,,,
00:00:14.674,1777,128,241,18,52,97,8,8,1,5,161,1,16,161,1,210,255,255,19,129,62,138,73,72,184,180,116,0,255,115,36,255,6,212,6,197,6,180,6,236,255,255,75,75,75,75,255,29,255,255,25,48,0,5,0,255,255,0
00:00:14.749,1835,62,51,116,464,75,29,0,Out,TRUE,255,133,184,73,8,180,0,1750,1718,1706,1736,TRUE,0,0,0,0,0,0,0,0,0,0,0,0,100,,,,,,,,,,,,,,,,,,,,,,,
00:00:14.749,1836,128,241,18,52,97,8,8,1,5,161,1,16,161,1,210,255,255,20,133,62,133,73,72,184,180,116,0,255,115,36,255,6,214,6,182,6,170,6,200,255,255,75,75,75,75,255,29,255,255,25,48,0,5,0,255,255,0
00:00:14.825,1839,62,50,115,460,75,29,0,Out,TRUE,255,134,184,73,5,181,0,1702,1706,1701,1733,TRUE,0,0,0,0,0,0,0,0,0,0,0,0,100,,,,,,,,,,,,,,,,,,,,,,,
00:00:14.825,1844,128,241,18,52,97,8,8,1,5,161,1,16,161,1,205,255,255,20,234,62,134,73,72,184,181,115,0,255,115,36,255,6,166,6,170,6,165,6,197,255,255,75,75,75,75,255,29,255,255,25,48,0,5,0,255,255,0
00:00:14.901,1870,62,43,112,448,75,29,0,Out,TRUE,255,141,184,73,8,181,0,1716,1716,1696,1703,TRUE,0,0,0,0,0,0,0,0,0,0,0,0,100,,,,,,,,,,,,,,,,,,,,,,,
00:00:14.901,1885,128,241,18,52,97,8,8,1,5,161,1,16,161,1,195,255,255,20,44,62,141,73,72,184,181,112,0,255,115,36,255,6,180,6,180,6,160,6,167,255,255,75,75,75,75,255,29,255,255,25,48,0,5,0,255,255,0
00:00:14.976,1908,62,48,110,440,75,29,0,Out,TRUE,255,136,184,73,5,180,0,1731,1703,1698,1718,TRUE,0,0,0,0,0,0,0,0,0,0,0,0,100,,,,,,,,,,,,,,,,,,,,,,,
00:00:14.976,1918,128,241,18,52,97,8,8,1,5,161,1,16,161,1,186,255,255,20,156,62,136,73,72,184,180,110,0,255,115,36,255,6,195,6,167,6,162,6,182,255,255,75,75,75,75,255,29,255,255,25,48,0,5,0,255,255,0
00:00:15.051,1928,62,52,110,440,75,29,0,Out,TRUE,255,132,184,73,8,179,0,1674,1675,1674,1711,TRUE,0,0,0,0,0,0,0,0,0,0,0,0,100,,,,,,,,,,,,,,,,,,,,,,,
00:00:15.051,1942,128,241,18,52,97,8,8,1,5,161,1,16,161,1,186,255,255,21,41,62,132,73,72,184,179,110,0,255,115,36,255,6,138,6,139,6,138,6,175,255,255,75,75,75,75,255,29,255,255,25,48,0,5,0,255,255,0
00:00:15.125,1952,62,48,114,456,75,29,0,Out,TRUE,255,136,184,73,5,180,0,1691,1667,1672,1686,TRUE,0,0,0,0,0,0,0,0,0,0,0,0,100,,,,,,,,,,,,,,,,,,,,,,,
00:00:15.125,1954,128,241,18,52,97,8,8,1,5,161,1,16,161,1,203,255,255,21,73,62,136,73,72,184,180,114,0,255,115,36,255,6,155,6,131,6,136,6,150,255,255,75,75,75,75,255,29,255,255,25,48,0,5,0,255,255,0
00:00:15.198,1959,62,47,110,440,75,29,0,Out,TRUE,255,137,184,73,8,180,0,1677,1655,1660,1689,TRUE,0,0,0,0,0,0,0,0,0,0,0,0,100,,,,,,,,,,,,,,,,,,,,,,,
00:00:15.198,1966,128,241,18,52,97,8,8,1,5,161,1,16,161,1,185,255,255,20,109,62,137,73,72,184,180,110,0,255,115,36,255,6,141,6,119,6,124,6,153,255,255,75,75,75,75,255,29,255,255,25,48,0,5,0,255,255,0
00:00:15.281,1969,62,51,110,440,75,29,0,Out,TRUE,255,133,184,73,5,180,0,1689,1680,1677,1714,TRUE,0,0,0,0,0,0,0,0,0,0,0,0,100,,,,,,,,,,,,,,,,,,,,,,,
00:00:15.281,1996,128,241,18,52,97,8,8,1,5,161,1,16,161,1,186,255,255,21,97,62,133,73,72,184,180,110,0,255,115,36,255,6,153,6,144,6,141,6,178,255,255,75,75,75,75,255,29,255,255,25,48,0,5,0,255,255,0
00:00:15.356,2001,62,53,110,440,75,29,0,Out,TRUE,255,131,184,73,8,181,0,1672,1637,1665,1683,TRUE,0,0,0,0,0,0,0,0,0,0,0,0,100,,,,,,,,,,,,,,,,,,,,,,,
00:00:15.356,2005,128,241,18,52,97,8,8,1,5,161,1,16,161,1,186,255,255,21,90,62,131,73,72,184,181,110,0,255,115,36,255,6,136,6,101,6,129,6,147,255,255,75,75,75,75,255,29,255,255,25,48,0,5,0,255,255,0
00:00:15.431,2009,62,46,111,444,75,29,0,Out,TRUE,255,139,185,73,5,180,0,1683,1655,1656,1672,TRUE,0,0,0,0,0,0,0,0,0,0,0,0,100,,,,,,,,,,,,,,,,,,,,,,,
00:00:15.431,2023,128,241,18,52,97,8,8,1,5,161,1,16,161,1,190,255,255,21,69,62,139,73,72,185,180,111,0,255,115,36,255,6,147,6,119,6,120,6,136,255,255,75,75,75,75,255,29,255,255,25,48,0,5,0,255,255,0
00:00:15.505,2028,62,49,111,444,75,29,0,Out,TRUE,255,136,185,73,8,180,0,1666,1646,1646,1666,TRUE,0,0,0,0,0,0,0,0,0,0,0,0,100,,,,,,,,,,,,,,,,,,,,,,,
00:00:15.505,2034,128,241,18,52,97,8,8,1,5,161,1,16,161,1,190,255,255,21,165,62,136,73,72,185,180,111,0,255,115,36,255,6,130,6,110,6,110,6,130,255,255,75,75,75,75,255,29,255,255,25,48,0,5,0,255,255,0
00:00:15.581,2035,62,49,111,444,75,29,0,Out,TRUE,255,135,184,73,5,180,0,1644,1633,1641,1659,TRUE,0,0,0,0,0,0,0,0,0,0,0,0,100,,,,,,,,,,,,,,,,,,,,,,,
00:00:15.581,2044,128,241,18,52,97,8,8,1,5,161,1,16,161,1,190,255,255,21,190,62,135,73,72,184,180,111,0,255,115,36,255,6,108,6,97,6,105,6,123,255,255,75,75,75,75,255,29,255,255,25,48,0,5,0,255,255,0
00:00:15.656,2053,62,45,111,444,75,29,0,Out,TRUE,255,139,184,73,8,182,0,1639,1620,1636,1654,TRUE,0,0,0,0,0,0,0,0,0,0,0,0,100,,,,,,,,,,,,,,,,,,,,,,,
00:00:15.656,2055,128,241,18,52,97,8,8,1,5,161,1,16,161,1,190,255,255,21,68,62,139,73,72,184,182,111,0,255,115,36,255,6,103,6,84,6,100,6,118,255,255,75,75,75,75,255,29,255,255,25,48,0,5,0,255,255,0
00:00:15.731,2080,62,51,110,440,75,29,0,Out,TRUE,255,133,184,73,5,180,0,1654,1651,1645,1649,TRUE,0,0,0,0,0,0,0,0,0,0,0,0,100,,,,,,,,,,,,,,,,,,,,,,,
00:00:15.731,2081,128,241,18,52,97,8,8,1,5,161,1,16,161,1,186,255,255,20,229,62,133,73,72,184,180,110,0,255,115,36,255,6,118,6,115,6,109,6,113,255,255,75,75,75,75,255,29,255,255,25,48,0,5,0,255,255,0
00:00:15.805,2083,62,50,110,440,75,29,0,Out,TRUE,255,134,184,73,8,182,0,1681,1654,1652,1683,TRUE,0,0,0,0,0,0,0,0,0,0,0,0,100,,,,,,,,,,,,,,,,,,,,,,,
00:00:15.805,2107,128,241,18,52,97,8,8,1,5,161,1,16,161,1,186,255,255,21,61,62,134,73,72,184,182,110,0,255,115,36,255,6,145,6,118,6,116,6,147,255,255,75,75,75,75,255,29,255,255,25,48,0,5,0,255,255,0
00:00:15.885,2115,62,50,110,440,75,29,0,Out,TRUE,255,134,184,73,5,182,0,1681,1649,1663,1666,TRUE,0,0,0,0,0,0,0,0,0,0,0,0,100,,,,,,,,,,,,,,,,,,,,,,,
00:00:15.885,2118,128,241,18,52,97,8,8,1,5,161,1,16,161,1,185,255,255,21,104,62,134,73,72,184,182,110,0,255,115,36,255,6,145,6,113,6,127,6,130,255,255,75,75,75,75,255,29,255,255,25,48,0,5,0,255,255,0
00:00:16.485,2118,58,68,107,428,75,29,0,Out,TRUE,255,116,184,74,8,182,0,1054,987,1175,1007,TRUE,0,0,0,0,0,0,0,0,0,0,0,0,100,,,,,,,,,,,,,,,,,,,,,,,
00:00:16.485,2120,128,241,18,52,97,8,8,1,5,161,1,16,161,1,173,255,255,17,214,58,116,74,72,184,182,107,0,255,114,36,255,4,30,3,219,4,151,3,239,255,255,75,75,75,75,255,29,255,255,25,48,0,5,0,255,255,0
00:00:16.560,2126,57,64,107,428,75,29,0,Out,TRUE,255,120,184,74,5,179,0,1085,1123,1014,1007,TRUE,0,0,0,0,0,0,0,0,0,0,0,0,100,,,,,,,,,,,,,,,,,,,,,,,
00:00:16.560,2129,128,241,18,52,97,8,8,1,5,161,1,16,161,1,174,255,255,15,75,57,120,74,72,184,179,107,0,255,114,36,255,4,61,4,99,3,246,3,239,255,255,75,75,75,75,255,29,255,255,25,48,0,5,0,255,255,0
00:00:16.636,2132,58,50,107,428,74,29,0,Out,TRUE,255,134,184,74,8,178,0,1413,1491,1361,1278,TRUE,0,0,0,0,0,0,0,0,0,0,0,0,100,,,,,,,,,,,,,,,,,,,,,,,
00:00:16.636,2156,128,241,18,52,97,8,8,1,5,161,1,16,161,1,175,255,255,13,23,58,134,74,72,184,178,107,0,255,114,36,255,5,133,5,211,5,81,4,254,255,255,75,74,75,75,255,29,255,255,25,48,0,5,0,255,255,0
00:00:16.713,2166,58,62,107,428,74,29,0,Out,TRUE,255,122,184,74,5,178,0,1431,1359,1451,1520,TRUE,0,0,0,0,0,0,0,0,0,0,0,0,100,,,,,,,,,,,,,,,,,,,,,,,
00:00:16.713,2201,128,241,18,52,97,8,8,1,5,161,1,16,161,1,174,255,255,14,129,58,122,74,72,184,178,107,0,255,114,36,255,5,151,5,79,5,171,5,240,255,255,74,74,74,74,255,29,255,255,25,48,0,5,0,255,255,0
00:00:16.787,2226,58,61,110,440,74,29,0,Out,TRUE,255,123,184,74,8,178,0,1401,1465,1375,1383,TRUE,0,0,0,0,0,0,0,0,0,0,0,0,100,,,,,,,,,,,,,,,,,,,,,,,
00:00:16.787,2237,128,241,18,52,97,8,8,1,5,161,1,16,161,1,186,255,255,13,29,58,123,74,72,184,178,110,0,255,114,36,255,5,121,5,185,5,95,5,103,255,255,74,74,74,74,255,29,255,255,25,48,0,5,0,255,255,0
00:00:16.863,2370,57,51,105,420,74,29,0,Out,TRUE,255,133,184,74,5,179,0,1401,1486,1534,1505,TRUE,0,0,0,0,0,0,0,0,0,0,0,0,100,,,,,,,,,,,,,,,,,,,,,,,
00:00:16.863,2455,128,241,18,52,97,8,8,1,5,161,1,16,161,1,166,255,255,12,172,57,133,74,72,184,179,105,0,255,114,36,255,5,121,5,206,5,254,5,225,255,255,73,74,74,74,255,29,255,255,25,48,0,5,0,255,255,0
00:00:16.938,2635,58,63,102,408,73,29,0,Out,TRUE,255,121,184,74,8,180,0,1494,1496,1365,1464,TRUE,0,0,0,0,0,0,0,0,0,0,0,0,100,,,,,,,,,,,,,,,,,,,,,,,
00:00:16.938,2676,128,241,18,52,97,8,8,1,5,161,1,16,161,1,154,255,255,14,247,58,121,74,72,184,180,102,0,255,114,36,255,5,214,5,216,5,85,5,184,255,255,73,73,73,73,255,29,255,255,25,48,0,5,0,255,255,0
00:00:17.013,2719,58,62,83,332,74,29,0,Out,TRUE,255,122,184,74,5,179,0,1358,1340,1408,1368,TRUE,0,0,0,0,0,0,0,0,0,0,0,0,100,,,,,,,,,,,,,,,,,,,,,,,
00:00:17.013,2728,128,241,18,52,97,8,8,1,5,161,1,16,161,1,78,255,255,13,143,58,122,74,72,184,179,83,0,255,114,36,255,5,78,5,60,5,128,5,88,255,255,74,74,74,74,255,29,255,255,25,48,0,5,0,255,255,0
00:00:17.087,2851,57,56,72,288,74,29,0,Out,TRUE,255,128,184,74,8,180,0,1449,1568,1405,1564,TRUE,0,0,0,0,0,0,0,0,0,0,0,0,100,,,,,,,,,,,,,,,,,,,,,,,
00:00:17.087,3055,128,241,18,52,97,8,8,1,5,161,1,16,161,1,35,255,255,13,43,57,128,74,72,184,180,72,0,255,114,36,255,5,169,6,32,5,125,6,28,255,255,74,74,74,74,255,29,255,255,25,48,0,5,0,255,255,0
00:00:17.163,3063,57,59,57,228,74,29,0,Out,TRUE,255,125,184,74,5,181,0,1442,1357,1498,1564,TRUE,0,0,0,0,0,0,0,0,0,0,0,0,100,,,,,,,,,,,,,,,,,,,,,,,
00:00:17.163,3208,128,241,18,52,97,8,8,1,5,161,1,16,161,0,228,255,255,15,7,57,125,74,72,184,181,57,0,255,114,36,255,5,162,5,77,5,218,6,28,255,255,73,74,73,74,255,29,255,255,25,48,0,5,0,255,255,0
00:00:17.238,3332,57,60,48,192,74,29,0,Out,TRUE,255,124,184,74,8,178,0,1348,1369,1319,1364,TRUE,0,0,0,0,0,0,0,0,0,0,0,0,100,,,,,,,,,,,,,,,,,,,,,,,
00:00:17.238,3412,128,241,18,52,97,8,8,1,5,161,1,16,161,0,195,255,255,13,201,57,124,74,72,184,178,48,0,255,114,36,255,5,68,5,89,5,39,5,84,255,255,74,74,74,74,255,29,255,255,25,48,0,5,0,255,255,0
00:00:17.313,3439,57,54,46,184,74,29,0,Out,TRUE,255,130,184,74,5,178,0,1536,1405,1532,1427,TRUE,0,0,0,0,0,0,0,0,0,0,0,0,100,,,,,,,,,,,,,,,,,,,,,,,
00:00:17.313,3489,128,241,18,52,97,8,8,1,5,161,1,16,161,0,184,255,255,12,168,57,130,74,72,184,178,46,0,255,114,36,255,6,0,5,125,5,252,5,147,255,255,74,74,74,74,255,29,255,255,25,48,0,5,0,255,255,0
00:00:17.387,3491,57,62,44,176,74,29,0,Out,TRUE,255,122,184,74,8,178,0,1362,1542,1401,1510,TRUE,0,0,0,0,0,0,0,0,0,0,0,0,100,,,,,,,,,,,,,,,,,,,,,,,
00:00:17.387,3532,128,241,18,52,97,8,8,1,5,161,1,16,161,0,176,255,255,15,139,57,122,74,72,184,178,44,0,255,114,37,255,5,82,6,6,5,121,5,230,255,255,74,74,73,73,255,29,255,255,25,48,0,5,0,255,255,0
00:00:17.460,3643,58,56,44,176,74,29,0,Out,TRUE,255,128,184,74,5,181,0,1362,1311,1344,1319,TRUE,0,0,0,0,0,0,0,0,0,0,0,0,100,,,,,,,,,,,,,,,,,,,,,,,
00:00:17.460,3785,128,241,18,52,97,8,8,1,5,161,1,16,161,0,176,255,255,14,209,58,128,74,72,184,181,44,0,255,114,37,255,5,82,5,31,5,64,5,39,255,255,74,74,74,74,255,29,255,255,25,48,0,5,0,255,255,0
00:00:17.535,3825,57,59,50,200,74,29,0,Out,TRUE,255,125,184,74,8,178,0,1381,1465,1528,1495,TRUE,0,0,0,0,0,0,0,0,0,0,0,0,100,,,,,,,,,,,,,,,,,,,,,,,
00:00:17.535,3998,128,241,18,52,97,8,8,1,5,161,1,16,161,0,202,255,255,12,245,57,125,74,72,184,178,50,0,255,114,37,255,5,101,5,185,5,248,5,215,255,255,74,74,74,74,255,29,255,255,25,48,0,5,0,255,255,0
00:00:17.611,4132,57,64,49,196,74,29,0,Out,TRUE,255,120,184,74,5,180,0,1517,1426,1524,1397,TRUE,0,0,0,0,0,0,0,0,0,0,0,0,100,,,,,,,,,,,,,,,,,,,,,,,
00:00:17.611,4137,128,241,18,52,97,8,8,1,5,161,1,16,161,0,196,255,255,15,80,57,120,74,72,184,180,49,0,255,114,37,255,5,237,5,146,5,244,5,117,255,255,74,74,74,74,255,29,255,255,25,48,0,5,0,255,255,0
00:00:17.688,4224,57,62,57,228,74,29,0,Out,TRUE,255,122,184,74,8,178,0,1301,1296,1311,1337,TRUE,0,0,0,0,0,0,0,0,0,0,0,0,100,,,,,,,,,,,,,,,,,,,,,,,
00:00:17.688,4246,128,241,18,52,97,8,8,1,5,161,1,16,161,0,228,255,255,14,50,57,122,74,72,184,178,57,0,255,114,37,255,5,21,5,16,5,31,5,57,255,255,74,74,74,74,255,29,255,255,25,48,0,5,0,255,255,0
